id,level,color_class,position,chunk_no,word,lemma,pre_verb,morph,colspan,wordlenth,aux_inf,word_slp1,sandhi_indexs,sandhi_words,word_wx,wordorder
0,1,deep_sky_back,0,1,duḥkhena,duḥkha,,i. sg. m.,7,8,,duHKena,,,xuHKena,1
1,1,deep_sky_back,0,1,duḥkhena,duḥkha,,i. sg. n.,7,8,,duHKena,,,xuHKena,1
2,1,carmin_back,8,2,muhyati,muh,,pr. [4] ac. sg. 3,7,7,,muhyati,,,muhyawi,2
3,1,deep_sky_back,16,3,jīvaḥ,jīva,,nom. sg. m.,5,5,,jIvaH,,,jIvaH,3
6,2,deep_sky_back,8,2,muhyati,muhyat,,loc. sg. n.,7,7,{ ppr. [4] ac. }[muh],muhyati,,,muhyawi,2
7,2,deep_sky_back,8,2,muhyati,muhyat,,loc. sg. m.,7,7,{ ppr. [4] ac. }[muh],muhyati,,,muhyawi,2
