id,level,color_class,position,chunk_no,word,lemma,pre_verb,morph,colspan,wordlenth,aux_inf,word_slp1,sandhi_indexs,sandhi_words,word_wx,wordorder
2,1,deep_sky_back,6,1,arcyamānena,arcyamāna,,i. sg. n.,11,11,{ ca. ppr. ps. }[ṛc_1],arcyamAnena,,,arcyamAnena,2
3,1,deep_sky_back,6,1,arcyamānena,arcyamāna,,i. sg. m.,11,11,{ ca. ppr. ps. }[ṛc_1],arcyamAnena,,,arcyamAnena,2
4,1,deep_sky_back,18,2,sūryeṇa,sūrya,,i. sg. m.,7,7,,sUryeRa,,,sUryeNa,3
5,1,mauve_back,26,3,saha,saha,,adv.,4,4, sence of lemma = 2,saha,,,saha,4
6,1,mauve_back,26,3,saha,saha,,prep.,4,4, sence of lemma = 2,saha,,,saha,4
7,1,light_blue_back,31,4,tava,yuṣmad,,g. sg. *,4,4,,tava,,,wava,5
10,1,deep_sky_back,53,6,kṛtavatī,kṛtavat,,nom. sg. f.,8,8,{ ppa. }[kṛ_1],kftavatI,,,kqwavawI,7
11,1,deep_sky_back,53,6,kṛtavatī,kṛtavat,,acc. du. n.,8,8,{ ppa. }[kṛ_1],kftavatI,,,kqwavawI,7
12,1,deep_sky_back,53,6,kṛtavatī,kṛtavat,,nom. du. n.,8,8,{ ppa. }[kṛ_1],kftavatI,,,kqwavawI,7
13,1,deep_sky_back,62,7,strī,strī,,nom. sg. f.,4,4,,strI,,,swrI,8
14,1,light_blue_back,67,8,aham,asmad,,nom. sg. *,4,4,,aham,,,aham,9
15,1,carmin_back,72,9,asmi,as,,pr. [2] ac. sg. 1,4,4, sence of lemma = 1,asmi,,,asmi,10
22,2,carmin_back,26,3,saha,sah,,imp. [1] ac. sg. 2,4,4, sence of lemma = 1,saha,,,saha,4
27,2,deep_sky_back,53,6,kṛtavatī,kṛta,,nom. sg. f.,8,8,{ pp. }[kṛ_1]-vat,kftavatI,,,kqwavawI,7
28,2,deep_sky_back,53,6,kṛtavatī,kṛta,,acc. du. n.,8,8,{ pp. }[kṛ_1]-vat,kftavatI,,,kqwavawI,7
29,2,deep_sky_back,53,6,kṛtavatī,kṛta,,nom. du. n.,8,8,{ pp. }[kṛ_1]-vat,kftavatI,,,kqwavawI,7
43,3,lawngreen_back,53,6,kṛtavatī,kṛtavat,,voc. du. n.,8,8,{ ppa. }[kṛ_1],kftavatI,,,kqwavawI,7
106,1,compound,0,1,tvayā,"tu,yā",,impft. [2] ac. sg. 2,6,5, sence of lemma = 1,tvayA,,,wvayA,1
107,1,compound,36,5,prathamaparicayam,"prathama,paricaya",,acc. sg. m.,16,17,,praTamaparicayam,,,praWamaparicayam,6
108,1,compound,36,5,prathamaparicayam,"prathama,paricaya",,acc. sg. n.,16,17,,praTamaparicayam,,,praWamaparicayam,6
109,1,compound,36,5,prathamaparicayam,"prathama,paricaya",,nom. sg. n.,16,17,,praTamaparicayam,,,praWamaparicayam,6
