aux_inf,chunk_no,color_class,colspan,combinationword,endposition,id,lemma,level,morph,position,pre_verb,sandhi_indexs,sandhi_words,word,word_slp1,word_wx,wordlenth,wordorder
,1,mauve_back,2,wvayA,2.0,0,tu,1,conj.,0,,,,tu,tu,wu,2,1
 sence of lemma = 1,1,carmin_back,4,wvayA,6.0,1,yā,1,impft. [2] ac. sg. 2,2,,,,ayāḥ,ayAH,ayAH,4,1
,1,carmin_back,3,wvayA,5.0,16,i,2,imp. [2] md. sg. 1,2,,,,ayai,ayE,ayE,4,1
,1,carmin_back,3,wvayA,5.0,17,i,2,imp. [1] md. sg. 1,2,,,,ayai,ayE,ayE,4,1
,5,yellow_back,7,praWamaparicayam,7.0,8,prathama,1,iic.,36,,,,prathama,praTama,praWama,8,6
,5,deep_sky_back,9,praWamaparicayam,16.0,9,paricaya,1,acc. sg. m.,43,,,,paricayam,paricayam,paricayam,9,6
,5,deep_sky_back,6,praWamaparicayam,6.0,23,pratha,2,acc. sg. m.,36,,,,pratham,praTam,praWam,7,6
,5,lavender_back,3,praWamaparicayam,9.0,24,apa,2,iic.,42,,,,apa,apa,apa,3,6
 sence of lemma = 2,5,cyan_back,2,praWamaparicayam,11.0,25,rā,2,loc. sg. m.,45,,,,ri,ri,ri,2,6
,5,deep_sky_back,5,praWamaparicayam,16.0,26,caya,2,acc. sg. m.,47,,,,cayam,cayam,cayam,5,6
,5,yellow_back,1,praWamaparicayam,7.0,40,a,3,iic.,42,,,,a,a,a,1,6
,5,cyan_back,9,praWamaparicayam,16.0,41,paricaya,3,acc. sg. n.,43,,,,paricayam,paricayam,paricayam,9,6
,5,cyan_back,9,praWamaparicayam,16.0,42,paricaya,3,nom. sg. n.,43,,,,paricayam,paricayam,paricayam,9,6
 sence of lemma = 1,5,yellow_back,2,praWamaparicayam,9.0,45,pa,4,iic.,43,,,,pa,pa,pa,2,6
 sence of lemma = 2,5,yellow_back,2,praWamaparicayam,9.0,46,pa,4,iic.,43,,,,pa,pa,pa,2,6
,5,magenta_back,2,praWamaparicayam,11.0,47,rai,4,ind.,45,,,,ri,ri,ri,2,6
,5,mauve_back,2,praWamaparicayam,13.0,48,ca,4,conj.,47,,,,ca,ca,ca,2,6
,5,light_blue_back,3,praWamaparicayam,16.0,49,yad,4,acc. sg. m.,49,,,,yam,yam,yam,3,6
