id,level,color_class,position,chunk_no,word,lemma,pre_verb,morph,colspan,wordlenth,aux_inf,word_slp1,sandhi_indexs,sandhi_words,word_wx,wordorder
0,1,deep_sky_back,0,1,vidvadbhiḥ,vat,vit,i. pl. n.,9,10,,vidvadBiH,,,vixvaxBiH,1
1,1,deep_sky_back,0,1,vidvadbhiḥ,vat,vit,i. pl. m.,9,10,,vidvadBiH,,,vixvaxBiH,1
2,1,deep_sky_back,10,2,upadiṣṭaḥ,diṣṭa,upa,nom. sg. m.,9,9,{ pp. }[upa-diś_1],upadizwaH,,,upaxiRtaH,2
5,1,deep_sky_back,30,4,yajñam,yajña,,acc. sg. m.,6,6,,yajYam,,,yajFam,4
6,1,carmin_back,37,5,āharat,hṛ,ā,impft. [1] ac. sg. 3,6,6, sence of lemma = 1,Aharat,,,Aharaw,5
7,2,deep_sky_back,0,1,vidvadbhiḥ,vidvas,,i. pl. n.,9,10,{ ppf. ac. }[vid_1],vidvadBiH,,,vixvaxBiH,1
8,2,deep_sky_back,0,1,vidvadbhiḥ,vidvas,,i. pl. m.,9,10,{ ppf. ac. }[vid_1],vidvadBiH,,,vixvaxBiH,1
11,2,deep_sky_back,37,5,āharat,harat,ā,acc. sg. n.,6,6,{ ppr. [1] ac. }[ā-hṛ_1],Aharat,,,Aharaw,5
12,2,deep_sky_back,37,5,āharat,harat,ā,nom. sg. n.,6,6,{ ppr. [1] ac. }[ā-hṛ_1],Aharat,,,Aharaw,5
16,3,lawngreen_back,37,5,āharat,harat,ā,voc. sg. n.,6,6,{ ppr. [1] ac. }[ā-hṛ_1],Aharat,,,Aharaw,5
17,1,compound,20,3,daśarathaḥ,"daśan,ratha",,nom. sg. m.,9,10,,daSaraTaH,,,xaSaraWaH,3
