aux_inf,chunk_no,color_class,colspan,combinationword,endposition,id,lemma,level,morph,position,pre_verb,sandhi_indexs,sandhi_words,word,word_slp1,word_wx,wordlenth,wordorder
,3,yellow_back,4,xaSaraWaH,4.0,3,daśan,1,iic.,20,,,,daśa,daSa,xaSa,4,3
,3,deep_sky_back,5,xaSaraWaH,9.0,4,ratha,1,nom. sg. m.,24,,,,rathaḥ,raTaH,raWaH,6,3
,3,deep_sky_back,4,xaSaraWaH,4.0,9,daśan,2,acc. pl. *,20,,,,daśa,daSa,xaSa,4,3
,3,deep_sky_back,4,xaSaraWaH,4.0,10,daśan,2,nom. pl. *,20,,,,daśa,daSa,xaSa,4,3
,3,carmin_back,4,xaSaraWaH,4.0,15,daṃś,3,imp. [1] ac. sg. 2,20,,,,daśa,daSa,xaSa,4,3
