id,level,color_class,position,chunk_no,word,lemma,pre_verb,morph,colspan,wordlenth,aux_inf,word_slp1,sandhi_indexs,sandhi_words,word_wx,wordorder
0,1,deep_sky_back,0,1,jarāyām,jarā,,loc. sg. f.,7,7,,jarAyAm,,,jarAyAm,1
1,1,deep_sky_back,0,1,jarāyām,jara,,loc. sg. f.,7,7,,jarAyAm,,,jarAyAm,1
2,1,mauve_back,8,2,api,api,,conj.,3,3,,api,,,api,2
3,1,mauve_back,8,2,api,api,,prep.,3,3,,api,,,api,2
4,1,deep_sky_back,12,3,mānavānām,mānava,,g. pl. m.,9,9,,mAnavAnAm,,,mAnavAnAm,3
5,1,deep_sky_back,12,3,mānavānām,mānava,,g. pl. n.,9,9,,mAnavAnAm,,,mAnavAnAm,3
8,1,mauve_back,28,4,na,na,,part.,2,2,,na,,,na,5
9,1,carmin_back,31,5,śāmyati,śam,,pr. [4] ac. sg. 3,7,7, sence of lemma = 1,SAmyati,,,SAmyawi,6
13,2,deep_sky_back,22,4,tṛṣṇā,tṛṣṇā,,nom. sg. f.,5,5,,tfzRA,,,wqRNA,4
14,2,deep_sky_back,31,5,śāmyati,śāmyat,,loc. sg. n.,7,7,{ ppr. [4] ac. }[śam_1],SAmyati,,,SAmyawi,6
15,2,deep_sky_back,31,5,śāmyati,śāmyat,,loc. sg. m.,7,7,{ ppr. [4] ac. }[śam_1],SAmyati,,,SAmyawi,6
47,12,mauve_back,14,3,na,na,,part.,2,2,,na,,,na,5
