id,level,color_class,position,chunk_no,word,lemma,pre_verb,morph,colspan,wordlenth,aux_inf,word_slp1,sandhi_indexs,sandhi_words,word_wx,wordorder
0,1,deep_sky_back,0,1,manuṣyāṇām,manuṣya,,g. pl. m.,10,10,,manuzyARAm,,,manuRyANAm,1
1,1,deep_sky_back,0,1,manuṣyāṇām,manuṣya,,g. pl. n.,10,10,,manuzyARAm,,,manuRyANAm,1
2,1,deep_sky_back,0,1,manuṣyāṇām,manuṣya,,g. pl. f.,10,10,,manuzyARAm,,,manuRyANAm,1
3,1,yellow_back,11,2,aga,aga,,iic.,3,3,,aga,,,aga,0
4,1,cyan_back,14,2,dena,da,,i. sg. m.,4,4,,dena,,,xena,0
5,1,cyan_back,14,2,dena,da,,i. sg. n.,4,4,,dena,,,xena,0
6,1,deep_sky_back,19,3,vyādhayaḥ,vyādhi,,nom. pl. m.,8,9,,vyADayaH,,,vyAXayaH,3
7,1,carmin_back,28,4,naśyanti,naś,,pr. [4] ac. pl. 3,8,8, sence of lemma = 1,naSyanti,,,naSyanwi,4
8,2,yellow_back,11,2,a,a,,iic.,1,1,,a,,,a,0
9,2,deep_sky_back,12,2,gadena,gada,,i. sg. m.,6,6, sence of lemma = 1,gadena,,,gaxena,0
10,2,deep_sky_back,12,2,gadena,gada,,i. sg. m.,6,6, sence of lemma = 2,gadena,,,gaxena,0
11,2,deep_sky_back,12,2,gadena,gada,,i. sg. n.,6,6, sence of lemma = 2,gadena,,,gaxena,0
12,2,lawngreen_back,19,3,vyādhayaḥ,vyādhi,,voc. pl. m.,8,9,,vyADayaH,,,vyAXayaH,3
13,2,deep_sky_back,28,4,naśyanti,naśyat,,acc. pl. n.,8,8,{ ppr. [4] ac. }[naś_1],naSyanti,,,naSyanwi,4
14,2,deep_sky_back,28,4,naśyanti,naśyat,,nom. pl. n.,8,8,{ ppr. [4] ac. }[naś_1],naSyanti,,,naSyanwi,4
15,3,yellow_back,12,2,gada,gada,,iic.,4,4, sence of lemma = 1,gada,"46, 47, ","ina(ina), ina(ina), ",gaxa,0
16,3,yellow_back,12,2,gada,gada,,iic.,4,4, sence of lemma = 2,gada,"46, 47, ","ina(ina), ina(ina), ",gaxa,0
17,3,mauve_back,16,2,na,na,,part.,2,2,,na,,,na,0
18,3,lawngreen_back,28,4,naśyanti,naśyat,,voc. sg. f.,8,8,{ ppr. [4] ac. }[naś_1],naSyanti,,,naSyanwi,4
19,3,lawngreen_back,28,4,naśyanti,naśyat,,voc. pl. n.,8,8,{ ppr. [4] ac. }[naś_1],naSyanti,,,naSyanwi,4
20,4,yellow_back,12,2,gadā,gadā,,iic.,4,4,,gadA,"46, 47, ","ina(ina), ina(ina), ",gaxA,0
21,4,mauve_back,28,4,na,na,,part.,2,2,,na,,,na,0
22,4,carmin_back,30,4,śyanti,śā,,pr. [4] ac. pl. 3,6,6,,Syanti,,,Syanwi,0
23,5,deep_sky_back,12,2,gadā,gadā,,nom. sg. f.,4,4,,gadA,"46, 47, ","ina(ina), ina(ina), ",gaxA,0
24,5,deep_sky_back,12,2,gadā,gada,,nom. sg. f.,4,4, sence of lemma = 1,gadA,"46, 47, ","ina(ina), ina(ina), ",gaxA,0
25,5,deep_sky_back,30,4,śyanti,śyat,,acc. pl. n.,6,6,{ ppr. [4] ac. }[śā],Syanti,,,Syanwi,0
26,5,deep_sky_back,30,4,śyanti,śyat,,nom. pl. n.,6,6,{ ppr. [4] ac. }[śā],Syanti,,,Syanwi,0
27,6,deep_sky_back,12,2,gade,gada,,loc. sg. m.,4,4, sence of lemma = 1,gade,,,gaxe,0
28,6,deep_sky_back,12,2,gade,gada,,acc. du. f.,4,4, sence of lemma = 1,gade,,,gaxe,0
29,6,deep_sky_back,12,2,gade,gada,,nom. du. f.,4,4, sence of lemma = 1,gade,,,gaxe,0
30,6,deep_sky_back,12,2,gade,gada,,loc. sg. m.,4,4, sence of lemma = 2,gade,,,gaxe,0
31,6,deep_sky_back,12,2,gade,gada,,acc. du. n.,4,4, sence of lemma = 2,gade,,,gaxe,0
32,6,deep_sky_back,12,2,gade,gada,,nom. du. n.,4,4, sence of lemma = 2,gade,,,gaxe,0
33,6,deep_sky_back,12,2,gade,gada,,loc. sg. n.,4,4, sence of lemma = 2,gade,,,gaxe,0
34,6,deep_sky_back,12,2,gade,gadā,,acc. du. f.,4,4,,gade,,,gaxe,0
35,6,deep_sky_back,12,2,gade,gadā,,nom. du. f.,4,4,,gade,,,gaxe,0
36,6,lawngreen_back,30,4,śyanti,śyat,,voc. sg. f.,6,6,{ ppr. [4] ac. }[śā],Syanti,,,Syanwi,0
37,6,lawngreen_back,30,4,śyanti,śyat,,voc. pl. n.,6,6,{ ppr. [4] ac. }[śā],Syanti,,,Syanwi,0
38,7,cyan_back,14,2,dā,da,,nom. sg. f.,2,2,,dA,"46, 47, ","ina(ina), ina(ina), ",xA,0
39,8,cyan_back,14,2,de,da,,loc. sg. m.,2,2,,de,,,xe,0
40,8,cyan_back,14,2,de,da,,acc. du. n.,2,2,,de,,,xe,0
41,8,cyan_back,14,2,de,da,,nom. du. n.,2,2,,de,,,xe,0
42,8,cyan_back,14,2,de,da,,loc. sg. n.,2,2,,de,,,xe,0
43,8,cyan_back,14,2,de,da,,acc. du. f.,2,2,,de,,,xe,0
44,8,cyan_back,14,2,de,da,,nom. du. f.,2,2,,de,,,xe,0
45,9,yellow_back,14,2,da,da,,iic.,2,2,,da,"46, 47, ","ina(ina), ina(ina), ",xa,0
46,10,lawngreen_back,15,2,ina,ina,,voc. sg. m.,3,3,,ina,,,ina,0
47,10,lawngreen_back,15,2,ina,ina,,voc. sg. n.,3,3,,ina,,,ina,0
