id,level,color_class,position,chunk_no,word,lemma,pre_verb,morph,colspan,wordlenth,aux_inf,word_slp1,sandhi_indexs,sandhi_words,word_wx,wordorder
0,1,carmin_back,0,1,mātaḥ,mā,,pr. [2] ac. du. 3,5,5, sence of lemma = 1,mAtaH,,,mAwaH,1
1,1,light_blue_back,6,2,mama,asmad,,g. sg. *,4,4,,mama,,,mama,2
2,1,deep_sky_back,11,3,aśrūṇi,aśru,,acc. pl. n.,6,6,,aSrURi,,,aSrUNi,3
3,1,deep_sky_back,11,3,aśrūṇi,aśru,,nom. pl. n.,6,6,,aSrURi,,,aSrUNi,3
4,1,deep_sky_back,18,4,māḥ,mās,,nom. sg. m.,3,3,,mAH,,,mAH,0
5,1,carmin_back,21,4,naya,nī,,imp. [1] ac. sg. 2,4,4, sence of lemma = 1,naya,,,naya,5
6,2,deep_sky_back,0,1,mātaḥ,māt,,g. sg. n.,5,5,{ ppr. [2] ac. }[mā_1],mAtaH,,,mAwaH,1
7,2,deep_sky_back,0,1,mātaḥ,māt,,abl. sg. n.,5,5,{ ppr. [2] ac. }[mā_1],mAtaH,,,mAwaH,1
8,2,deep_sky_back,0,1,mātaḥ,māt,,acc. pl. m.,5,5,{ ppr. [2] ac. }[mā_1],mAtaH,,,mAwaH,1
9,2,deep_sky_back,0,1,mātaḥ,māt,,g. sg. m.,5,5,{ ppr. [2] ac. }[mā_1],mAtaH,,,mAwaH,1
10,2,deep_sky_back,0,1,mātaḥ,māt,,abl. sg. m.,5,5,{ ppr. [2] ac. }[mā_1],mAtaH,,,mAwaH,1
11,2,carmin_back,6,2,mama,mā,,pft. ac. pl. 2,4,4, sence of lemma = 1,mama,,,mama,2
12,2,carmin_back,6,2,mama,mā,,pft. ac. pl. 2,4,4, sence of lemma = 4,mama,,,mama,2
13,2,lawngreen_back,11,3,aśrūṇi,aśru,,voc. pl. n.,6,6,,aSrURi,,,aSrUNi,3
14,2,mauve_back,18,4,mā,mā,,part.,2,2, sence of lemma = 2,mA,,,mA,4
15,2,lawngreen_back,21,4,naya,naya,,voc. sg. m.,4,4,,naya,,,naya,5
16,3,lawngreen_back,0,1,mātaḥ,mātṛ,,voc. sg. f.,5,5,,mAtaH,,,mAwaH,1
17,3,light_blue_back,18,4,mā,asmad,,acc. sg. *,2,2,,mA,,,mA,4
18,4,mauve_back,0,1,mā,mā,,part.,2,2, sence of lemma = 2,mA,"20, 21, ","ātaḥ(AtaH), ataḥ(ataH), ",mA,4
19,5,light_blue_back,0,1,mā,asmad,,acc. sg. *,2,2,,mA,"20, 21, ","ātaḥ(AtaH), ataḥ(ataH), ",mA,4
20,6,carmin_back,1,1,ātaḥ,at,,impft. [1] ac. sg. 2,4,4,,AtaH,,,AwaH,0
21,7,mauve_back,1,1,ataḥ,atas,,adv.,4,4,,ataH,,,awaH,0
