id,level,color_class,position,chunk_no,word,lemma,pre_verb,morph,colspan,wordlenth,aux_inf,word_slp1,sandhi_indexs,sandhi_words,word_wx,wordorder
0,1,deep_sky_back,0,1,netrābhyām,netra,,abl. du. m.,9,10,,netrAByAm,,,newrAByAm,1
1,1,deep_sky_back,0,1,netrābhyām,netra,,dat. du. m.,9,10,,netrAByAm,,,newrAByAm,1
2,1,deep_sky_back,0,1,netrābhyām,netra,,i. du. m.,9,10,,netrAByAm,,,newrAByAm,1
3,1,deep_sky_back,0,1,netrābhyām,netra,,abl. du. n.,9,10,,netrAByAm,,,newrAByAm,1
4,1,deep_sky_back,0,1,netrābhyām,netra,,dat. du. n.,9,10,,netrAByAm,,,newrAByAm,1
5,1,deep_sky_back,0,1,netrābhyām,netra,,i. du. n.,9,10,,netrAByAm,,,newrAByAm,1
6,1,carmin_back,10,2,paśyati,paś,,pr. [4] ac. sg. 3,7,7,,paSyati,,,paSyawi,2
7,1,deep_sky_back,18,3,janaḥ,janas,,acc. sg. n.,5,5,,janaH,,,janaH,3
8,1,deep_sky_back,18,3,janaḥ,janas,,nom. sg. n.,5,5,,janaH,,,janaH,3
9,1,deep_sky_back,18,3,janaḥ,jana,,nom. sg. m.,5,5,,janaH,,,janaH,3
11,2,deep_sky_back,10,2,paśyati,paśyat,,loc. sg. n.,7,7,{ ppr. [4] ac. }[paś],paSyati,,,paSyawi,2
12,2,deep_sky_back,10,2,paśyati,paśyat,,loc. sg. m.,7,7,{ ppr. [4] ac. }[paś],paSyati,,,paSyawi,2
13,2,lawngreen_back,18,3,janaḥ,janas,,voc. sg. n.,5,5,,janaH,,,janaH,3
