id,level,color_class,position,chunk_no,word,lemma,pre_verb,morph,colspan,wordlenth,aux_inf,word_slp1,sandhi_indexs,sandhi_words,word_wx,wordorder
0,1,light_blue_back,0,1,tasmin,tad,,loc. sg. n.,6,6,,tasmin,,,wasmin,1
1,1,light_blue_back,0,1,tasmin,tad,,loc. sg. m.,6,6,,tasmin,,,wasmin,1
2,1,deep_sky_back,7,2,dine,dina,,acc. du. n.,4,4,,dine,,,xine,2
3,1,deep_sky_back,7,2,dine,dina,,nom. du. n.,4,4,,dine,,,xine,2
4,1,deep_sky_back,7,2,dine,dina,,loc. sg. n.,4,4,,dine,,,xine,2
5,1,deep_sky_back,12,3,hastināpure,hastināpura,,acc. du. n.,11,11,,hastinApure,,,haswinApure,3
6,1,deep_sky_back,12,3,hastināpure,hastināpura,,nom. du. n.,11,11,,hastinApure,,,haswinApure,3
7,1,deep_sky_back,12,3,hastināpure,hastināpura,,loc. sg. n.,11,11,,hastinApure,,,haswinApure,3
16,1,mauve_back,56,5,na,na,,part.,2,2,,na,,,na,5
17,1,light_blue_back,59,6,kasya,kim,,g. sg. n.,5,5,,kasya,,,kasya,6
18,1,light_blue_back,59,6,kasya,kim,,g. sg. m.,5,5,,kasya,,,kasya,6
19,1,mauve_back,65,7,api,api,,conj.,3,3,,api,,,api,7
20,1,mauve_back,65,7,api,api,,prep.,3,3,,api,,,api,7
21,1,deep_sky_back,69,8,viditaḥ,vidita,,nom. sg. m.,7,7,{ pp. }[vid_1],viditaH,,,vixiwaH,8
22,1,light_blue_back,77,9,tvam,yuṣmad,,nom. sg. *,4,4,,tvam,,,wvam,9
23,1,deep_sky_back,82,10,dhairyeṇa,dhairya,,i. sg. n.,7,9,,DEryeRa,,,XEryeNa,10
26,1,deep_sky_back,102,12,āgataḥ,gata,ā,nom. sg. m.,6,6,{ pp. }[ā-gam],AgataH,,,AgawaH,12
27,1,mauve_back,109,13,iti,iti,,part.,3,3,,iti,,,iwi,13
28,1,mauve_back,113,14,idam,idam,,adv.,4,4,,idam,,,ixam,14
29,1,deep_sky_back,118,15,dṛḍham,dṛḍha,,acc. sg. n.,5,6,{ pp. }[dṛh],dfQam,,,xqDam,15
30,1,deep_sky_back,118,15,dṛḍham,dṛḍha,,nom. sg. n.,5,6,{ pp. }[dṛh],dfQam,,,xqDam,15
31,1,deep_sky_back,118,15,dṛḍham,dṛḍha,,acc. sg. m.,5,6,{ pp. }[dṛh],dfQam,,,xqDam,15
32,1,light_blue_back,124,16,aham,asmad,,nom. sg. *,4,4,,aham,,,aham,16
33,1,carmin_back,129,17,smarāmi,smṛ,,pr. [1] ac. sg. 1,7,7,,smarAmi,,,smarAmi,17
34,2,lawngreen_back,7,2,dine,dina,,voc. du. n.,4,4,,dine,,,xine,2
35,2,lawngreen_back,12,3,hastināpure,hastināpura,,voc. du. n.,11,11,,hastinApure,,,haswinApure,3
40,2,yellow_back,69,8,vit,vid,,iic.,3,3, sence of lemma = 3,vit,,,viw,0
41,2,cyan_back,72,8,itaḥ,ita,,nom. sg. m.,4,4,,itaH,,,iwaH,0
44,2,light_blue_back,113,14,idam,idam,,acc. sg. n.,4,4,,idam,,,ixam,14
45,2,light_blue_back,113,14,idam,idam,,nom. sg. n.,4,4,,idam,,,ixam,14
46,2,mauve_back,129,17,sma,sma,,part.,3,3,,sma,,,sma,0
47,2,carmin_back,132,17,rāmi,rā,,pr. [2] ac. sg. 1,4,4, sence of lemma = 1,rAmi,,,rAmi,0
48,3,deep_sky_back,12,3,hastinā,hastin,,i. sg. m.,7,7,,hastinA,"65, ","a(a), ",haswinA,0
49,3,deep_sky_back,19,3,pure,pura,,acc. du. n.,4,4,,pure,,,pure,0
50,3,deep_sky_back,19,3,pure,pura,,nom. du. n.,4,4,,pure,,,pure,0
51,3,deep_sky_back,19,3,pure,pura,,loc. sg. n.,4,4,,pure,,,pure,0
59,3,deep_sky_back,69,8,vit,vid,,nom. sg. m.,3,3, sence of lemma = 3,vit,,,viw,0
60,3,deep_sky_back,69,8,vit,vid,,acc. sg. n.,3,3, sence of lemma = 3,vit,,,viw,0
61,3,deep_sky_back,69,8,vit,vid,,nom. sg. n.,3,3, sence of lemma = 3,vit,,,viw,0
62,3,deep_sky_back,69,8,vit,vid,,nom. sg. f.,3,3, sence of lemma = 3,vit,,,viw,0
63,3,mauve_back,72,8,itaḥ,itas,,adv.,4,4,,itaH,,,iwaH,0
65,4,yellow_back,18,3,a,a,,iic.,1,1,,a,,,a,0
66,4,lawngreen_back,19,3,pure,pura,,voc. du. n.,4,4,,pure,,,pure,0
67,4,lawngreen_back,19,3,pure,pura,,voc. sg. m.,4,4,,pure,,,pure,0
70,4,carmin_back,72,8,itaḥ,i,,pr. [2] ac. du. 3,4,4,,itaH,,,iwaH,0
94,1,compound,24,4,śastrakauśalaparīkṣāspardhāvasare,"śastra,kauśala,parīkṣā,spardhā,avasara",,",loc. sg. m.,loc. sg. m.,loc. sg. m.,loc. sg. m.,loc. sg. m.",31,33,,SastrakOSalaparIkzAsparDAvasare,,,SaswrakOSalaparIkRAsparXAvasare,4
95,1,compound,24,4,śastrakauśalaparīkṣāspardhāvasare,"śastra,kauśala,parīkṣā,spardhā,avasara",,",acc. du. f.,acc. du. f.,acc. du. f.,acc. du. f.,acc. du. f.",31,33,,SastrakOSalaparIkzAsparDAvasare,,,SaswrakOSalaparIkRAsparXAvasare,4
96,1,compound,24,4,śastrakauśalaparīkṣāspardhāvasare,"śastra,kauśala,parīkṣā,spardhā,avasara",,",nom. du. f.,nom. du. f.,nom. du. f.,nom. du. f.,nom. du. f.",31,33,,SastrakOSalaparIkzAsparDAvasare,,,SaswrakOSalaparIkRAsparXAvasare,4
97,1,compound,24,4,śastrakauśalaparīkṣāspardhāvasare,"śastra,kauśala,parīkṣā,spardhā,avasara",,",acc. du. n.,acc. du. n.,acc. du. n.,acc. du. n.,acc. du. n.",31,33,,SastrakOSalaparIkzAsparDAvasare,,,SaswrakOSalaparIkRAsparXAvasare,4
98,1,compound,24,4,śastrakauśalaparīkṣāspardhāvasare,"śastra,kauśala,parīkṣā,spardhā,avasara",,",nom. du. n.,nom. du. n.,nom. du. n.,nom. du. n.,nom. du. n.",31,33,,SastrakOSalaparIkzAsparDAvasare,,,SaswrakOSalaparIkRAsparXAvasare,4
99,1,compound,24,4,śastrakauśalaparīkṣāspardhāvasare,"śastra,kauśala,parīkṣā,spardhā,avasara",,",loc. sg. n.,loc. sg. n.,loc. sg. n.,loc. sg. n.,loc. sg. n.",31,33,,SastrakOSalaparIkzAsparDAvasare,,,SaswrakOSalaparIkRAsparXAvasare,4
100,1,compound,24,4,śastrakauśalaparīkṣāspardhāvasare,"śastra,kauśala,parīkṣā,spardhā,avasa,rā",,",dat. sg. m.,dat. sg. m.,dat. sg. m.,dat. sg. m.,dat. sg. m.,dat. sg. m.",31,33, sence of lemma = 2,SastrakOSalaparIkzAsparDAvasare,,,SaswrakOSalaparIkRAsparXAvasare,4
101,1,compound,24,4,śastrakauśalaparīkṣāspardhāvasare,"śastra,kauśala,parīkṣā,spardhā,avasa,rā",,",acc. du. f.,acc. du. f.,acc. du. f.,acc. du. f.,acc. du. f.,acc. du. f.",31,33, sence of lemma = 2,SastrakOSalaparIkzAsparDAvasare,,,SaswrakOSalaparIkRAsparXAvasare,4
102,1,compound,24,4,śastrakauśalaparīkṣāspardhāvasare,"śastra,kauśala,parīkṣā,spardhā,avasa,rā",,",nom. du. f.,nom. du. f.,nom. du. f.,nom. du. f.,nom. du. f.,nom. du. f.",31,33, sence of lemma = 2,SastrakOSalaparIkzAsparDAvasare,,,SaswrakOSalaparIkRAsparXAvasare,4
103,1,compound,24,4,śastrakauśalaparīkṣāspardhāvasare,"śastra,kauśala,parīkṣā,spardhā,avasa,re",,",ind.,ind.,ind.,ind.,ind.,ind.",31,33,,SastrakOSalaparIkzAsparDAvasare,,,SaswrakOSalaparIkRAsparXAvasare,4
104,1,compound,24,4,śastrakauśalaparīkṣāspardhāvasare,"śastra,kauśala,parīkṣā,a,spardhā,avasara",,",loc. sg. m.,loc. sg. m.,loc. sg. m.,loc. sg. m.,loc. sg. m.,loc. sg. m.",31,33,,SastrakOSalaparIkzAsparDAvasare,,,SaswrakOSalaparIkRAsparXAvasare,4
105,1,compound,24,4,śastrakauśalaparīkṣāspardhāvasare,"śastra,kauśala,parīkṣā,a,spardhā,avasara",,",acc. du. f.,acc. du. f.,acc. du. f.,acc. du. f.,acc. du. f.,acc. du. f.",31,33,,SastrakOSalaparIkzAsparDAvasare,,,SaswrakOSalaparIkRAsparXAvasare,4
106,1,compound,24,4,śastrakauśalaparīkṣāspardhāvasare,"śastra,kauśala,parīkṣā,a,spardhā,avasara",,",nom. du. f.,nom. du. f.,nom. du. f.,nom. du. f.,nom. du. f.,nom. du. f.",31,33,,SastrakOSalaparIkzAsparDAvasare,,,SaswrakOSalaparIkRAsparXAvasare,4
107,1,compound,24,4,śastrakauśalaparīkṣāspardhāvasare,"śastra,kauśala,parīkṣā,a,spardhā,avasara",,",acc. du. n.,acc. du. n.,acc. du. n.,acc. du. n.,acc. du. n.,acc. du. n.",31,33,,SastrakOSalaparIkzAsparDAvasare,,,SaswrakOSalaparIkRAsparXAvasare,4
108,1,compound,24,4,śastrakauśalaparīkṣāspardhāvasare,"śastra,kauśala,parīkṣā,a,spardhā,avasara",,",nom. du. n.,nom. du. n.,nom. du. n.,nom. du. n.,nom. du. n.,nom. du. n.",31,33,,SastrakOSalaparIkzAsparDAvasare,,,SaswrakOSalaparIkRAsparXAvasare,4
109,1,compound,24,4,śastrakauśalaparīkṣāspardhāvasare,"śastra,kauśala,parīkṣā,a,spardhā,avasara",,",loc. sg. n.,loc. sg. n.,loc. sg. n.,loc. sg. n.,loc. sg. n.,loc. sg. n.",31,33,,SastrakOSalaparIkzAsparDAvasare,,,SaswrakOSalaparIkRAsparXAvasare,4
110,1,compound,24,4,śastrakauśalaparīkṣāspardhāvasare,"śastra,kauśala,parīkṣā,a,spardhā,avasa,rā",,",dat. sg. m.,dat. sg. m.,dat. sg. m.,dat. sg. m.,dat. sg. m.,dat. sg. m.,dat. sg. m.",31,33, sence of lemma = 2,SastrakOSalaparIkzAsparDAvasare,,,SaswrakOSalaparIkRAsparXAvasare,4
111,1,compound,24,4,śastrakauśalaparīkṣāspardhāvasare,"śastra,kauśala,parīkṣā,a,spardhā,avasa,rā",,",acc. du. f.,acc. du. f.,acc. du. f.,acc. du. f.,acc. du. f.,acc. du. f.,acc. du. f.",31,33, sence of lemma = 2,SastrakOSalaparIkzAsparDAvasare,,,SaswrakOSalaparIkRAsparXAvasare,4
112,1,compound,24,4,śastrakauśalaparīkṣāspardhāvasare,"śastra,kauśala,parīkṣā,a,spardhā,avasa,rā",,",nom. du. f.,nom. du. f.,nom. du. f.,nom. du. f.,nom. du. f.,nom. du. f.,nom. du. f.",31,33, sence of lemma = 2,SastrakOSalaparIkzAsparDAvasare,,,SaswrakOSalaparIkRAsparXAvasare,4
113,1,compound,24,4,śastrakauśalaparīkṣāspardhāvasare,"śastra,kauśala,parīkṣā,a,spardhā,avasa,re",,",ind.,ind.,ind.,ind.,ind.,ind.,ind.",31,33,,SastrakOSalaparIkzAsparDAvasare,,,SaswrakOSalaparIkRAsparXAvasare,4
114,1,compound,90,11,spardhābhūmim,"spardhā,bhūmi",,",acc. sg. f.,acc. sg. f.",11,13,,sparDABUmim,,,sparXABUmim,11
115,1,compound,90,11,spardhābhūmim,"spardhā,bhūmi",,",acc. sg. m.,acc. sg. m.",11,13,,sparDABUmim,,,sparXABUmim,11
116,1,compound,90,11,spardhābhūmim,"spardhā,a,bhūmi",,",acc. sg. f.,acc. sg. f.,acc. sg. f.",11,13,,sparDABUmim,,,sparXABUmim,11
117,1,compound,90,11,spardhābhūmim,"spardhā,a,bhūmi",,",acc. sg. m.,acc. sg. m.,acc. sg. m.",11,13,,sparDABUmim,,,sparXABUmim,11
