aux_inf,chunk_no,color_class,colspan,combinationword,endposition,id,lemma,level,morph,position,pre_verb,sandhi_indexs,sandhi_words,word,word_slp1,word_wx,wordlenth,wordorder
,4,yellow_back,6,SaswrakOSalaparIkRAsparXAvasare,6.0,8,śastra,1,iic.,24,,,,śastra,Sastra,Saswra,6,4
,4,yellow_back,6,SaswrakOSalaparIkRAsparXAvasare,12.0,9,kauśala,1,iic.,30,,,,kauśala,kOSala,kOSala,7,4
,4,yellow_back,7,SaswrakOSalaparIkRAsparXAvasare,19.0,10,parīkṣā,1,iic.,36,,"55, ","a(a), ",parīkṣā,parIkzA,parIkRA,7,4
,4,yellow_back,6,SaswrakOSalaparIkRAsparXAvasare,25.0,11,spardhā,1,iic.,43,,"69, 72, 73, 74, 75, 76, 77, 78, 79, 86, 87, 88, ","avasare(avasare), avasare(avasare), avasare(avasare), avasare(avasare), avasare(avasare), avasare(avasare), avasa(avasa), āvasa(Avasa), ava(ava), āva(Ava), āva(Ava), āva(Ava), ",spardhā,sparDA,sparXA,7,4
 sence of lemma = 1,4,carmin_back,4,SaswrakOSalaparIkRAsparXAvasare,29.0,12,vas,1,imp. [1] ac. sg. 2,49,,,,vasa,vasa,vasa,4,4
 sence of lemma = 2,4,cyan_back,2,SaswrakOSalaparIkRAsparXAvasare,31.0,13,rā,1,dat. sg. m.,53,,,,re,re,re,2,4
 sence of lemma = 2,4,cyan_back,2,SaswrakOSalaparIkRAsparXAvasare,31.0,14,rā,1,acc. du. f.,53,,,,re,re,re,2,4
 sence of lemma = 2,4,cyan_back,2,SaswrakOSalaparIkRAsparXAvasare,31.0,15,rā,1,nom. du. f.,53,,,,re,re,re,2,4
,4,deep_sky_back,7,SaswrakOSalaparIkRAsparXAvasare,19.0,36,parīkṣā,2,nom. sg. f.,36,,"55, ","a(a), ",parīkṣā,parIkzA,parIkRA,7,4
,4,deep_sky_back,6,SaswrakOSalaparIkRAsparXAvasare,25.0,37,spardhā,2,nom. sg. f.,43,,"69, 72, 73, 74, 75, 76, 77, 78, 79, 86, 87, 88, ","avasare(avasare), avasare(avasare), avasare(avasare), avasare(avasare), avasare(avasare), avasare(avasare), avasa(avasa), āvasa(Avasa), ava(ava), āva(Ava), āva(Ava), āva(Ava), ",spardhā,sparDA,sparXA,7,4
,4,yellow_back,3,SaswrakOSalaparIkRAsparXAvasare,29.0,38,asan,2,iic.,50,,,,asa,asa,asa,3,4
,4,lawngreen_back,2,SaswrakOSalaparIkRAsparXAvasare,31.0,39,re,2,ind.,53,,,,re,re,re,2,4
 sence of lemma = 1,4,yellow_back,2,SaswrakOSalaparIkRAsparXAvasare,14.0,52,pa,3,iic.,36,,,,pa,pa,pa,2,4
 sence of lemma = 2,4,yellow_back,2,SaswrakOSalaparIkRAsparXAvasare,14.0,53,pa,3,iic.,36,,,,pa,pa,pa,2,4
 sence of lemma = 2,4,cyan_back,2,SaswrakOSalaparIkRAsparXAvasare,16.0,54,rā,3,loc. sg. m.,38,,"71, ","īkṣā(IkzA), ",ri,ri,ri,2,4
,4,yellow_back,1,SaswrakOSalaparIkRAsparXAvasare,19.0,55,a,3,iic.,42,,,,a,a,a,1,4
,4,cyan_back,6,SaswrakOSalaparIkRAsparXAvasare,25.0,56,spardhā,3,acc. du. m.,43,,,,spardhau,sparDO,sparXO,8,4
,4,cyan_back,6,SaswrakOSalaparIkRAsparXAvasare,25.0,57,spardhā,3,nom. du. m.,43,,,,spardhau,sparDO,sparXO,8,4
 sence of lemma = 2,4,carmin_back,3,SaswrakOSalaparIkRAsparXAvasare,29.0,58,as,3,imp. [1] ac. sg. 2,50,,,,asa,asa,asa,3,4
,4,yellow_back,4,SaswrakOSalaparIkRAsparXAvasare,19.0,68,īkṣa,4,iic.,39,,"55, ","a(a), ",īkṣa,Ikza,IkRa,4,4
,4,deep_sky_back,7,SaswrakOSalaparIkRAsparXAvasare,31.0,69,avasara,4,loc. sg. m.,48,,,,avasare,avasare,avasare,7,4
,4,deep_sky_back,4,SaswrakOSalaparIkRAsparXAvasare,19.0,71,īkṣa,5,nom. sg. f.,39,,"55, ","a(a), ",īkṣā,IkzA,IkRA,4,4
,4,cyan_back,7,SaswrakOSalaparIkRAsparXAvasare,31.0,72,avasara,5,acc. du. f.,48,,,,avasare,avasare,avasare,7,4
,4,cyan_back,7,SaswrakOSalaparIkRAsparXAvasare,31.0,73,avasara,5,nom. du. f.,48,,,,avasare,avasare,avasare,7,4
,4,cyan_back,7,SaswrakOSalaparIkRAsparXAvasare,31.0,74,avasara,5,acc. du. n.,48,,,,avasare,avasare,avasare,7,4
,4,cyan_back,7,SaswrakOSalaparIkRAsparXAvasare,31.0,75,avasara,5,nom. du. n.,48,,,,avasare,avasare,avasare,7,4
,4,cyan_back,7,SaswrakOSalaparIkRAsparXAvasare,31.0,76,avasara,5,loc. sg. n.,48,,,,avasare,avasare,avasare,7,4
,4,yellow_back,5,SaswrakOSalaparIkRAsparXAvasare,29.0,77,avasa,6,iic.,48,,,,avasa,avasa,avasa,5,4
 sence of lemma = 1,4,carmin_back,5,SaswrakOSalaparIkRAsparXAvasare,29.0,78,vas,7,imp. [1] ac. sg. 2,48,ā,,,āvasa,Avasa,Avasa,5,4
,4,carmin_back,3,SaswrakOSalaparIkRAsparXAvasare,27.0,79,av,8,imp. [1] ac. sg. 2,48,,,,ava,ava,ava,3,4
,4,deep_sky_back,4,SaswrakOSalaparIkRAsparXAvasare,31.0,80,sara,8,loc. sg. m.,51,,,,sare,sare,sare,4,4
,4,deep_sky_back,4,SaswrakOSalaparIkRAsparXAvasare,31.0,81,sara,8,acc. du. n.,51,,,,sare,sare,sare,4,4
,4,deep_sky_back,4,SaswrakOSalaparIkRAsparXAvasare,31.0,82,sara,8,nom. du. n.,51,,,,sare,sare,sare,4,4
,4,deep_sky_back,4,SaswrakOSalaparIkRAsparXAvasare,31.0,83,sara,8,loc. sg. n.,51,,,,sare,sare,sare,4,4
,4,deep_sky_back,4,SaswrakOSalaparIkRAsparXAvasare,31.0,84,sara,8,acc. du. f.,51,,,,sare,sare,sare,4,4
,4,deep_sky_back,4,SaswrakOSalaparIkRAsparXAvasare,31.0,85,sara,8,nom. du. f.,51,,,,sare,sare,sare,4,4
,4,carmin_back,3,SaswrakOSalaparIkRAsparXAvasare,27.0,86,av,9,pft. ac. pl. 2,48,,,,āva,Ava,Ava,3,4
,4,carmin_back,3,SaswrakOSalaparIkRAsparXAvasare,27.0,87,av,9,pft. ac. sg. 3,48,,,,āva,Ava,Ava,3,4
,4,carmin_back,3,SaswrakOSalaparIkRAsparXAvasare,27.0,88,av,9,pft. ac. sg. 1,48,,,,āva,Ava,Ava,3,4
,4,lawngreen_back,4,SaswrakOSalaparIkRAsparXAvasare,31.0,89,sara,9,voc. du. n.,51,,,,sare,sare,sare,4,4
,4,lawngreen_back,4,SaswrakOSalaparIkRAsparXAvasare,31.0,90,sara,9,voc. du. f.,51,,,,sare,sare,sare,4,4
,4,lawngreen_back,4,SaswrakOSalaparIkRAsparXAvasare,31.0,91,sara,9,voc. sg. f.,51,,,,sare,sare,sare,4,4
,4,yellow_back,1,SaswrakOSalaparIkRAsparXAvasare,27.0,92,a,10,iic.,50,,,,a,a,a,1,4
,4,light_blue_back,2,SaswrakOSalaparIkRAsparXAvasare,29.0,93,tad,10,nom. sg. m.,51,,,,sa,sa,sa,2,4
,11,yellow_back,6,sparXABUmim,6.0,24,spardhā,1,iic.,90,,"64, ","a(a), ",spardhā,sparDA,sparXA,7,11
,11,deep_sky_back,5,sparXABUmim,11.0,25,bhūmi,1,acc. sg. f.,96,,,,bhūmim,BUmim,BUmim,6,11
,11,deep_sky_back,6,sparXABUmim,6.0,42,spardhā,2,nom. sg. f.,90,,"64, ","a(a), ",spardhā,sparDA,sparXA,7,11
,11,cyan_back,5,sparXABUmim,11.0,43,bhūmi,2,acc. sg. m.,96,,,,bhūmim,BUmim,BUmim,6,11
,11,yellow_back,1,sparXABUmim,6.0,64,a,3,iic.,95,,,,a,a,a,1,11
