id,level,color_class,position,chunk_no,word,lemma,pre_verb,morph,colspan,wordlenth,aux_inf,word_slp1,sandhi_indexs,sandhi_words,word_wx,wordorder
0,1,mauve_back,0,1,evam,evam,,adv.,4,4,,evam,,,evam,1
1,1,light_blue_back,5,2,mama,asmad,,g. sg. *,4,4,,mama,,,mama,2
2,1,lawngreen_back,10,3,putra,putra,,voc. sg. m.,5,5,,putra,,,puwra,3
3,1,carmin_back,16,4,astu,as,,imp. [2] ac. sg. 3,4,4, sence of lemma = 1,astu,,,aswu,4
4,2,carmin_back,5,2,mama,mā,,pft. ac. pl. 2,4,4, sence of lemma = 1,mama,,,mama,2
5,2,carmin_back,5,2,mama,mā,,pft. ac. pl. 2,4,4, sence of lemma = 4,mama,,,mama,2
