id,level,color_class,position,chunk_no,word,lemma,pre_verb,morph,colspan,wordlenth,aux_inf,word_slp1,sandhi_indexs,sandhi_words,word_wx,wordorder
0,1,deep_sky_back,0,1,budhaḥ,budha,,nom. sg. m.,5,6,,buDaH,,,buXaH,1
1,1,deep_sky_back,6,2,śāstraiḥ,śāstra,,i. pl. n.,7,8,,SAstrEH,,,SAswrEH,2
2,1,deep_sky_back,14,3,tattvam,tva,tat,acc. sg. n.,7,7,,tattvam,,,wawwvam,3
3,1,deep_sky_back,14,3,tattvam,tva,tat,nom. sg. n.,7,7,,tattvam,,,wawwvam,3
4,1,carmin_back,22,4,avagacchati,gam,ava,pr. [1] ac. sg. 3,10,11,,avagacCati,,,avagacCawi,4
9,2,deep_sky_back,22,4,avagacchati,gacchat,ava,loc. sg. n.,10,11,{ ppr. [1] ac. }[ava-gam],avagacCati,,,avagacCawi,4
10,2,deep_sky_back,22,4,avagacchati,gacchat,ava,loc. sg. m.,10,11,{ ppr. [1] ac. }[ava-gam],avagacCati,,,avagacCawi,4
