id,level,color_class,position,chunk_no,word,lemma,pre_verb,morph,colspan,wordlenth,aux_inf,word_slp1,sandhi_indexs,sandhi_words,word_wx,wordorder
0,1,deep_sky_back,0,1,rāmasya,rāma,,g. sg. m.,7,7,,rAmasya,,,rAmasya,1
1,1,deep_sky_back,0,1,rāmasya,rāma,,g. sg. n.,7,7,,rAmasya,,,rAmasya,1
2,1,deep_sky_back,8,2,bhāryā,bhārya,,nom. sg. f.,5,6,{ pfp. [1] }[bhṛ],BAryA,,,BAryA,2
3,1,deep_sky_back,8,2,bhāryā,bhārya,,nom. sg. f.,5,6,{ ca. pfp. [1] }[bhṛ],BAryA,,,BAryA,2
4,1,deep_sky_back,14,3,sītā,sītā,,nom. sg. f.,4,4,,sItA,,,sIwA,3
5,1,light_blue_back,19,4,tasya,tad,,g. sg. n.,5,5,,tasya,,,wasya,4
6,1,light_blue_back,19,4,tasya,tad,,g. sg. m.,5,5,,tasya,,,wasya,4
7,1,deep_sky_back,25,5,anujaḥ,anuja,,nom. sg. m.,6,6,,anujaH,,,anujaH,5
8,1,deep_sky_back,32,6,lakṣmaṇaḥ,lakṣmaṇa,,nom. sg. m.,9,9,,lakzmaRaH,,,lakRmaNaH,6
9,1,deep_sky_back,32,6,lakṣmaṇaḥ,lakṣman,,g. sg. n.,9,9,,lakzmaRaH,,,lakRmaNaH,6
10,1,deep_sky_back,32,6,lakṣmaṇaḥ,lakṣman,,abl. sg. n.,9,9,,lakzmaRaH,,,lakRmaNaH,6
11,1,mauve_back,42,7,ca,ca,,conj.,2,2,,ca,,,ca,7
12,1,deep_sky_back,45,8,rāmeṇa,rāma,,i. sg. m.,6,6,,rAmeRa,,,rAmeNa,8
13,1,deep_sky_back,45,8,rāmeṇa,rāma,,i. sg. n.,6,6,,rAmeRa,,,rAmeNa,8
14,1,mauve_back,52,9,saha,saha,,adv.,4,4, sence of lemma = 2,saha,,,saha,9
15,1,mauve_back,52,9,saha,saha,,prep.,4,4, sence of lemma = 2,saha,,,saha,9
16,1,deep_sky_back,57,10,vanam,vana,,acc. sg. n.,5,5,,vanam,,,vanam,10
17,1,deep_sky_back,57,10,vanam,vana,,nom. sg. n.,5,5,,vanam,,,vanam,10
18,1,mauve_back,63,11,gacchataḥ,gaccha,,tasil,8,9,,gacCataH,,,gacCawaH,11
19,2,yellow_back,8,2,bhā,bhā,,iic.,2,3, sence of lemma = 2,BA,"31, 32, 33, ","aryā(aryA), āryā(AryA), aryā(aryA), ",BA,0
20,2,deep_sky_back,14,3,sītā,sīta,,nom. sg. f.,4,4,{ pp. }[si],sItA,,,sIwA,3
21,2,carmin_back,52,9,saha,sah,,imp. [1] ac. sg. 2,4,4, sence of lemma = 1,saha,,,saha,9
22,2,carmin_back,63,11,gacchataḥ,gam,,pr. [1] ac. du. 3,8,9,,gacCataH,,,gacCawaH,11
23,3,deep_sky_back,8,2,bhā,bhā,,nom. sg. f.,2,3, sence of lemma = 2,BA,"31, 32, 33, ","aryā(aryA), āryā(AryA), aryā(aryA), ",BA,0
24,3,light_blue_back,52,9,sa,tad,,nom. sg. m.,2,2,,sa,,,sa,0
25,3,mauve_back,54,9,ha,ha,,part.,2,2,,ha,,,ha,0
26,3,deep_sky_back,63,11,gacchataḥ,gacchat,,g. sg. n.,8,9,{ ppr. [1] ac. }[gam],gacCataH,,,gacCawaH,11
27,3,deep_sky_back,63,11,gacchataḥ,gacchat,,abl. sg. n.,8,9,{ ppr. [1] ac. }[gam],gacCataH,,,gacCawaH,11
28,3,deep_sky_back,63,11,gacchataḥ,gacchat,,acc. pl. m.,8,9,{ ppr. [1] ac. }[gam],gacCataH,,,gacCawaH,11
29,3,deep_sky_back,63,11,gacchataḥ,gacchat,,g. sg. m.,8,9,{ ppr. [1] ac. }[gam],gacCataH,,,gacCawaH,11
30,3,deep_sky_back,63,11,gacchataḥ,gacchat,,abl. sg. m.,8,9,{ ppr. [1] ac. }[gam],gacCataH,,,gacCawaH,11
31,4,deep_sky_back,9,2,aryā,arya,,nom. sg. f.,4,4,{ pfp. [1] }[ṛ],aryA,,,aryA,0
32,5,deep_sky_back,9,2,āryā,ārya,,nom. sg. f.,4,4,{ pfp. [1] }[ṛ],AryA,,,AryA,0
33,6,deep_sky_back,9,2,aryā,ari,,i. sg. f.,4,4,,aryA,,,aryA,0
