id,level,color_class,position,chunk_no,word,lemma,pre_verb,morph,colspan,wordlenth,aux_inf,word_slp1,sandhi_indexs,sandhi_words,word_wx,wordorder
0,1,deep_sky_back,0,1,pavanaḥ,pavana,,nom. sg. m.,7,7,,pavanaH,,,pavanaH,1
1,1,deep_sky_back,8,2,kusumānām,kusuma,,g. pl. n.,9,9,,kusumAnAm,,,kusumAnAm,2
2,1,deep_sky_back,18,3,sugandham,sugandha,,acc. sg. m.,8,9,,suganDam,,,suganXam,3
3,1,deep_sky_back,18,3,sugandham,sugandha,,acc. sg. n.,8,9,,suganDam,,,suganXam,3
4,1,deep_sky_back,18,3,sugandham,sugandha,,nom. sg. n.,8,9,,suganDam,,,suganXam,3
5,1,carmin_back,27,4,harati,hṛ,,pr. [1] ac. sg. 3,6,6, sence of lemma = 1,harati,,,harawi,4
13,2,deep_sky_back,27,4,harati,harat,,loc. sg. n.,6,6,{ ppr. [1] ac. }[hṛ_1],harati,,,harawi,4
14,2,deep_sky_back,27,4,harati,harat,,loc. sg. m.,6,6,{ ppr. [1] ac. }[hṛ_1],harati,,,harawi,4
