id,level,color_class,position,chunk_no,word,lemma,pre_verb,morph,colspan,wordlenth,aux_inf,word_slp1,sandhi_indexs,sandhi_words,word_wx,wordorder
0,1,deep_sky_back,0,1,bhīmena,bhīma,,i. sg. m.,6,7,,BImena,,,BImena,1
1,1,deep_sky_back,0,1,bhīmena,bhīma,,i. sg. n.,6,7,,BImena,,,BImena,1
2,1,deep_sky_back,7,2,vakṣasi,vakṣas,,loc. sg. n.,7,7,,vakzasi,,,vakRasi,2
3,1,deep_sky_back,7,2,vakṣasi,vakṣas,,loc. sg. m.,7,7,,vakzasi,,,vakRasi,2
4,1,deep_sky_back,15,3,tāḍitaḥ,tāḍita,,nom. sg. m.,7,7,{ ca. pp. }[taḍ],tAqitaH,,,wAdiwaH,3
5,1,deep_sky_back,23,4,kīcakaḥ,kīcaka,,nom. sg. m.,7,7,,kIcakaH,,,kIcakaH,4
6,1,carmin_back,31,5,amuhyat,muh,,impft. [4] ac. sg. 3,7,7,,amuhyat,,,amuhyaw,5
7,2,yellow_back,0,1,bhīma,bhīma,,iic.,4,5,,BIma,"20, 21, ","ina(ina), ina(ina), ",BIma,0
8,2,mauve_back,4,1,na,na,,part.,2,2,,na,,,na,0
9,2,yellow_back,31,5,a,a,,iic.,1,1,,a,,,a,0
10,2,deep_sky_back,32,5,muhyat,muhyat,,acc. sg. n.,6,6,{ ppr. [4] ac. }[muh],muhyat,,,muhyaw,0
11,2,deep_sky_back,32,5,muhyat,muhyat,,nom. sg. n.,6,6,{ ppr. [4] ac. }[muh],muhyat,,,muhyaw,0
12,3,deep_sky_back,0,1,bhīmā,bhīma,,nom. sg. f.,4,5,,BImA,"20, 21, ","ina(ina), ina(ina), ",BImA,0
13,3,lawngreen_back,32,5,muhyat,muhyat,,voc. sg. n.,6,6,{ ppr. [4] ac. }[muh],muhyat,,,muhyaw,0
14,4,deep_sky_back,0,1,bhīme,bhīma,,loc. sg. m.,4,5,,BIme,,,BIme,0
15,4,deep_sky_back,0,1,bhīme,bhīma,,acc. du. n.,4,5,,BIme,,,BIme,0
16,4,deep_sky_back,0,1,bhīme,bhīma,,nom. du. n.,4,5,,BIme,,,BIme,0
17,4,deep_sky_back,0,1,bhīme,bhīma,,loc. sg. n.,4,5,,BIme,,,BIme,0
18,4,deep_sky_back,0,1,bhīme,bhīma,,acc. du. f.,4,5,,BIme,,,BIme,0
19,4,deep_sky_back,0,1,bhīme,bhīma,,nom. du. f.,4,5,,BIme,,,BIme,0
20,5,lawngreen_back,3,1,ina,ina,,voc. sg. m.,3,3,,ina,,,ina,0
21,5,lawngreen_back,3,1,ina,ina,,voc. sg. n.,3,3,,ina,,,ina,0
