id,level,color_class,position,chunk_no,word,lemma,pre_verb,morph,colspan,wordlenth,aux_inf,word_slp1,sandhi_indexs,sandhi_words,word_wx,wordorder
0,1,deep_sky_back,0,1,devān,deva,,acc. pl. m.,5,5,,devAn,,,xevAn,1
2,1,carmin_back,16,3,vadanti,vad,,pr. [1] ac. pl. 3,7,7,,vadanti,,,vaxanwi,3
6,2,deep_sky_back,16,3,vadanti,vadat,,acc. pl. n.,7,7,{ ppr. [1] ac. }[vad],vadanti,,,vaxanwi,3
7,2,deep_sky_back,16,3,vadanti,vadat,,nom. pl. n.,7,7,{ ppr. [1] ac. }[vad],vadanti,,,vaxanwi,3
10,3,lawngreen_back,16,3,vadanti,vadat,,voc. sg. f.,7,7,{ ppr. [1] ac. }[vad],vadanti,,,vaxanwi,3
11,3,lawngreen_back,16,3,vadanti,vadat,,voc. pl. n.,7,7,{ ppr. [1] ac. }[vad],vadanti,,,vaxanwi,3
12,1,compound,6,2,divaukasaḥ,"diva,oka",,",g. sg. n.,g. sg. n.",9,10,,divOkasaH,,,xivOkasaH,2
13,1,compound,6,2,divaukasaḥ,"diva,oka",,",abl. sg. n.,abl. sg. n.",9,10,,divOkasaH,,,xivOkasaH,2
