aux_inf,chunk_no,color_class,colspan,combinationword,endposition,id,lemma,level,morph,position,pre_verb,sandhi_indexs,sandhi_words,word,word_slp1,word_wx,wordlenth,wordorder
,2,yellow_back,4,xivOkasaH,4.0,1,diva,1,iic.,6,,"8, 9, ","okasaḥ(okasaH), okasaḥ(okasaH), ",diva,diva,xiva,4,2
,2,deep_sky_back,4,xivOkasaH,4.0,3,div,2,i. sg. m.,6,,"8, 9, ","okasaḥ(okasaH), okasaḥ(okasaH), ",divā,divA,xivA,4,2
,2,deep_sky_back,4,xivOkasaH,4.0,4,div,2,i. sg. n.,6,,"8, 9, ","okasaḥ(okasaH), okasaḥ(okasaH), ",divā,divA,xivA,4,2
,2,deep_sky_back,4,xivOkasaH,4.0,5,div,2,i. sg. f.,6,,"8, 9, ","okasaḥ(okasaH), okasaḥ(okasaH), ",divā,divA,xivA,4,2
,2,deep_sky_back,6,xivOkasaH,9.0,8,oka,3,g. sg. n.,9,,,,okasaḥ,okasaH,okasaH,6,2
,2,deep_sky_back,6,xivOkasaH,9.0,9,oka,3,abl. sg. n.,9,,,,okasaḥ,okasaH,okasaH,6,2
