id,level,color_class,position,chunk_no,word,lemma,pre_verb,morph,colspan,wordlenth,aux_inf,word_slp1,sandhi_indexs,sandhi_words,word_wx,wordorder
0,1,lawngreen_back,0,1,putra,putra,,voc. sg. m.,5,5,,putra,,,puwra,1
1,1,deep_sky_back,6,2,dhīraḥ,dhīra,,nom. sg. m.,5,6, sence of lemma = 1,DIraH,,,XIraH,2
2,1,deep_sky_back,6,2,dhīraḥ,dhīra,,nom. sg. m.,5,6, sence of lemma = 2,DIraH,,,XIraH,2
3,1,carmin_back,12,3,bhava,bhū,,imp. [1] ac. sg. 2,4,5, sence of lemma = 1,Bava,,,Bava,3
8,2,lawngreen_back,12,3,bhava,bhava,,voc. sg. m.,4,5,,Bava,,,Bava,3
