id,level,color_class,position,chunk_no,word,lemma,pre_verb,morph,colspan,wordlenth,aux_inf,word_slp1,sandhi_indexs,sandhi_words,word_wx,wordorder
0,1,deep_sky_back,0,1,munayaḥ,muni,,nom. pl. m.,7,7,,munayaH,,,munayaH,1
1,1,deep_sky_back,0,1,munayaḥ,muni,,nom. pl. f.,7,7,,munayaH,,,munayaH,1
3,1,carmin_back,18,3,abhavan,bhū,,impft. [1] ac. pl. 3,6,7, sence of lemma = 1,aBavan,,,aBavan,3
4,2,lawngreen_back,0,1,munayaḥ,muni,,voc. pl. m.,7,7,,munayaH,,,munayaH,1
5,2,lawngreen_back,0,1,munayaḥ,muni,,voc. pl. f.,7,7,,munayaH,,,munayaH,1
7,2,yellow_back,18,3,a,a,,iic.,1,1,,a,,,a,0
8,2,deep_sky_back,19,3,bhavan,bhavat,,nom. sg. m.,5,6,{ ppr. [1] ac. }[bhū_1] sence of lemma = 1,Bavan,,,Bavan,0
11,3,lawngreen_back,19,3,bhavan,bhavat,,voc. sg. m.,5,6, sence of lemma = 2,Bavan,,,Bavan,0
12,4,lawngreen_back,19,3,bhavan,bhavat,,voc. sg. m.,5,6,{ ppr. [1] ac. }[bhū_1] sence of lemma = 1,Bavan,,,Bavan,0
13,1,compound,8,2,vanaukasaḥ,"vana,oka",,",g. sg. n.,g. sg. n.",9,10,,vanOkasaH,,,vanOkasaH,2
14,1,compound,8,2,vanaukasaḥ,"vana,oka",,",abl. sg. n.,abl. sg. n.",9,10,,vanOkasaH,,,vanOkasaH,2
