id,level,color_class,position,chunk_no,word,lemma,pre_verb,morph,colspan,wordlenth,aux_inf,word_slp1,sandhi_indexs,sandhi_words,word_wx,wordorder
0,1,deep_sky_back,0,1,munayaḥ,muni,,nom. pl. m.,7,7,,munayaH,,,munayaH,1
1,1,deep_sky_back,0,1,munayaḥ,muni,,nom. pl. f.,7,7,,munayaH,,,munayaH,1
3,1,carmin_back,18,3,abhavan,bhū,,impft. [1] ac. pl. 3,6,7, sence of lemma = 1,aBavan,,,aBavan,3
4,2,lawngreen_back,0,1,munayaḥ,muni,,voc. pl. m.,7,7,,munayaH,,,munayaH,1
5,2,lawngreen_back,0,1,munayaḥ,muni,,voc. pl. f.,7,7,,munayaH,,,munayaH,1
13,1,compound,8,2,vanaukasaḥ,"vana,oka",,g. sg. n.,9,10,,vanOkasaH,,,vanOkasaH,2
14,1,compound,8,2,vanaukasaḥ,"vana,oka",,abl. sg. n.,9,10,,vanOkasaH,,,vanOkasaH,2
