aux_inf,chunk_no,color_class,colspan,combinationword,endposition,id,lemma,level,morph,position,pre_verb,sandhi_indexs,sandhi_words,word,word_slp1,word_wx,wordlenth,wordorder
,2,yellow_back,4,vanOkasaH,4.0,2,vana,1,iic.,8,,"9, 10, ","okasaḥ(okasaH), okasaḥ(okasaH), ",vana,vana,vana,4,2
,2,carmin_back,4,vanOkasaH,4.0,6,van,2,imp. [1] ac. sg. 2,8,,"9, 10, ","okasaḥ(okasaH), okasaḥ(okasaH), ",vana,vana,vana,4,2
,2,deep_sky_back,6,vanOkasaH,9.0,9,oka,3,g. sg. n.,11,,,,okasaḥ,okasaH,okasaH,6,2
,2,deep_sky_back,6,vanOkasaH,9.0,10,oka,3,abl. sg. n.,11,,,,okasaḥ,okasaH,okasaH,6,2
