id,level,color_class,position,chunk_no,word,lemma,pre_verb,morph,colspan,wordlenth,aux_inf,word_slp1,sandhi_indexs,sandhi_words,word_wx,wordorder
0,1,light_blue_back,0,1,aham,asmad,,nom. sg. *,4,4,,aham,,,aham,1
1,1,deep_sky_back,5,2,sūtasya,sūta,,g. sg. m.,7,7, sence of lemma = 2,sUtasya,,,sUwasya,2
2,1,deep_sky_back,13,3,adhirathasya,adhiratha,,g. sg. m.,10,12,,aDiraTasya,,,aXiraWasya,3
3,1,deep_sky_back,13,3,adhirathasya,adhiratha,,g. sg. n.,10,12,,aDiraTasya,,,aXiraWasya,3
4,1,deep_sky_back,24,4,putraḥ,putra,,nom. sg. m.,6,6,,putraH,,,puwraH,4
5,1,deep_sky_back,31,5,karṇaḥ,karṇa,,nom. sg. m.,6,6,,karRaH,,,karNaH,5
6,1,deep_sky_back,38,6,gaṅgāyāḥ,gaṅgā,,g. sg. f.,8,8,,gaNgAyAH,,,gafgAyAH,6
7,1,deep_sky_back,38,6,gaṅgāyāḥ,gaṅgā,,abl. sg. f.,8,8,,gaNgAyAH,,,gafgAyAH,6
8,1,deep_sky_back,47,7,pavitre,pavitra,,acc. du. n.,7,7,,pavitre,,,paviwre,7
9,1,deep_sky_back,47,7,pavitre,pavitra,,nom. du. n.,7,7,,pavitre,,,paviwre,7
10,1,deep_sky_back,47,7,pavitre,pavitra,,loc. sg. n.,7,7,,pavitre,,,paviwre,7
11,1,deep_sky_back,47,7,pavitre,pavitra,,loc. sg. m.,7,7,,pavitre,,,paviwre,7
12,1,deep_sky_back,47,7,pavitre,pavitra,,acc. du. f.,7,7,,pavitre,,,paviwre,7
13,1,deep_sky_back,47,7,pavitre,pavitra,,nom. du. f.,7,7,,pavitre,,,paviwre,7
14,1,deep_sky_back,47,7,pavitre,pavitṛ,,dat. sg. m.,7,7,,pavitre,,,paviwre,7
15,1,deep_sky_back,55,8,tīre,tīra,,acc. du. n.,4,4,,tIre,,,wIre,8
16,1,deep_sky_back,55,8,tīre,tīra,,nom. du. n.,4,4,,tIre,,,wIre,8
17,1,deep_sky_back,55,8,tīre,tīra,,loc. sg. n.,4,4,,tIre,,,wIre,8
18,1,deep_sky_back,60,9,astam,asta,,acc. sg. n.,5,5,{ pp. }[as_2],astam,,,aswam,9
19,1,deep_sky_back,60,9,astam,asta,,nom. sg. n.,5,5,{ pp. }[as_2],astam,,,aswam,9
20,1,deep_sky_back,60,9,astam,asta,,acc. sg. m.,5,5,{ pp. }[as_2],astam,,,aswam,9
21,1,deep_sky_back,66,10,yāntam,yāt,,acc. sg. m.,6,6,{ ppr. [2] ac. }[yā_1],yAntam,,,yAnwam,10
22,1,deep_sky_back,73,11,sūryam,sūrya,,acc. sg. m.,6,6,,sUryam,,,sUryam,11
23,1,mauve_back,80,12,arcayitum,ṛc,,ca. inf.,9,9, sence of lemma = 1,arcayitum,,,arcayiwum,12
24,1,deep_sky_back,90,13,upaviṣṭaḥ,viṣṭa,upa,nom. sg. m.,9,9,{ pp. }[upa-viś_1],upavizwaH,,,upaviRtaH,13
25,2,deep_sky_back,5,2,sūtasya,sūta,,g. sg. n.,7,7,{ pp. }[sū_1] sence of lemma = 1,sUtasya,,,sUwasya,2
26,2,deep_sky_back,5,2,sūtasya,sūta,,g. sg. m.,7,7,{ pp. }[sū_1] sence of lemma = 1,sUtasya,,,sUwasya,2
34,2,lawngreen_back,47,7,pavitre,pavitra,,voc. du. n.,7,7,,pavitre,,,paviwre,7
35,2,lawngreen_back,47,7,pavitre,pavitra,,voc. du. f.,7,7,,pavitre,,,paviwre,7
36,2,lawngreen_back,47,7,pavitre,pavitra,,voc. sg. f.,7,7,,pavitre,,,paviwre,7
37,2,lawngreen_back,55,8,tīre,tīra,,voc. du. n.,4,4,,tIre,,,wIre,8
