id,level,color_class,position,chunk_no,word,lemma,pre_verb,morph,colspan,wordlenth,aux_inf,word_slp1,sandhi_indexs,sandhi_words,word_wx,wordorder
0,1,deep_sky_back,0,1,pattibhiḥ,patti,,i. pl. m.,8,9,,pattiBiH,,,pawwiBiH,1
1,1,carmin_back,9,2,gacchati,gam,,pr. [1] ac. sg. 3,7,8,,gacCati,,,gacCawi,2
2,1,deep_sky_back,17,3,yodhaḥ,yodha,,nom. sg. m.,5,6,,yoDaH,,,yoXaH,3
3,2,deep_sky_back,9,2,gacchati,gacchat,,loc. sg. n.,7,8,{ ppr. [1] ac. }[gam],gacCati,,,gacCawi,2
4,2,deep_sky_back,9,2,gacchati,gacchat,,loc. sg. m.,7,8,{ ppr. [1] ac. }[gam],gacCati,,,gacCawi,2
