id,level,color_class,position,chunk_no,word,lemma,pre_verb,morph,colspan,wordlenth,aux_inf,word_slp1,sandhi_indexs,sandhi_words,word_wx,wordorder
0,1,deep_sky_back,0,1,kareṇa,kara,,i. sg. m.,6,6, sence of lemma = 1,kareRa,,,kareNa,1
1,1,deep_sky_back,0,1,kareṇa,kara,,i. sg. n.,6,6, sence of lemma = 1,kareRa,,,kareNa,1
2,1,deep_sky_back,0,1,kareṇa,kara,,i. sg. m.,6,6, sence of lemma = 2,kareRa,,,kareNa,1
3,1,carmin_back,11,3,āhvayati,hū,ā,pr. [1] ac. sg. 3,8,8,,Ahvayati,,,Ahvayawi,2
4,1,deep_sky_back,20,4,rāmam,rāma,,acc. sg. m.,5,5,,rAmam,,,rAmam,3
5,1,deep_sky_back,20,4,rāmam,rāma,,acc. sg. n.,5,5,,rAmam,,,rAmam,3
6,1,deep_sky_back,20,4,rāmam,rāma,,nom. sg. n.,5,5,,rAmam,,,rAmam,3
7,1,deep_sky_back,26,5,hariḥ,hari,,nom. sg. m.,5,5, sence of lemma = 1,hariH,,,hariH,4
8,1,deep_sky_back,26,5,hariḥ,hari,,nom. sg. f.,5,5, sence of lemma = 1,hariH,,,hariH,4
9,1,deep_sky_back,26,5,hariḥ,hari,,nom. sg. m.,5,5, sence of lemma = 2,hariH,,,hariH,4
10,1,deep_sky_back,26,5,hariḥ,hari,,nom. sg. f.,5,5, sence of lemma = 2,hariH,,,hariH,4
11,2,deep_sky_back,11,3,āhvayati,hvayat,ā,loc. sg. n.,8,8,{ ppr. [1] ac. }[ā-hū],Ahvayati,,,Ahvayawi,2
12,2,deep_sky_back,11,3,āhvayati,hvayat,ā,loc. sg. m.,8,8,{ ppr. [1] ac. }[ā-hū],Ahvayati,,,Ahvayawi,2
