id,level,color_class,position,chunk_no,word,lemma,pre_verb,morph,colspan,wordlenth,aux_inf,word_slp1,sandhi_indexs,sandhi_words,word_wx,wordorder
0,1,deep_sky_back,0,1,arīṇām,ari,,g. pl. m.,6,6,,arIRAm,,,arINAm,1
1,1,deep_sky_back,0,1,arīṇām,ari,,g. pl. n.,6,6,,arIRAm,,,arINAm,1
2,1,deep_sky_back,0,1,arīṇām,ari,,g. pl. f.,6,6,,arIRAm,,,arINAm,1
3,1,deep_sky_back,0,1,arīṇām,arin,,g. pl. m.,6,6,,arIRAm,,,arINAm,1
4,1,deep_sky_back,7,2,sainikāt,sainika,,abl. sg. m.,7,8,,sEnikAt,,,sEnikAw,0
5,1,deep_sky_back,7,2,sainikāt,sainika,,abl. sg. n.,7,8,,sEnikAt,,,sEnikAw,0
6,1,yellow_back,14,2,nṛ,nara,,iic.,2,2,,nf,,,nq,0
7,1,deep_sky_back,16,2,patiḥ,pati,,nom. sg. m.,5,5,,patiH,,,pawiH,0
8,1,carmin_back,22,3,jayati,ji,,pr. [1] ac. sg. 3,6,6,,jayati,,,jayawi,4
9,2,yellow_back,0,1,a,a,,iic.,1,1,,a,,,a,0
10,2,deep_sky_back,1,1,rīṇām,rīṇa,,acc. sg. f.,5,5,{ pp. }[ri],rIRAm,,,rINAm,0
11,2,deep_sky_back,7,2,sainikām,sainika,,acc. sg. f.,7,8,,sEnikAm,,,sEnikAm,0
12,2,cyan_back,16,2,patiḥ,pati,,nom. sg. f.,5,5,,patiH,,,pawiH,0
13,2,deep_sky_back,22,3,jayati,jayat,,loc. sg. n.,6,6,{ ppr. [1] ac. }[ji],jayati,,,jayawi,4
14,2,deep_sky_back,22,3,jayati,jayat,,loc. sg. m.,6,6,{ ppr. [1] ac. }[ji],jayati,,,jayawi,4
15,3,deep_sky_back,7,2,sainikān,sainika,,acc. pl. m.,7,8,,sEnikAn,,,sEnikAn,2
16,4,yellow_back,7,2,sainika,sainika,,iic.,6,7,,sEnika,,,sEnika,0
17,5,cyan_back,12,2,at,ad,,nom. sg. m.,2,2, sence of lemma = 2,at,,,aw,0
18,5,cyan_back,12,2,at,ad,,acc. sg. n.,2,2, sence of lemma = 2,at,,,aw,0
19,5,cyan_back,12,2,at,ad,,nom. sg. n.,2,2, sence of lemma = 2,at,,,aw,0
20,5,cyan_back,12,2,at,ad,,nom. sg. f.,2,2, sence of lemma = 2,at,,,aw,0
21,6,cyan_back,12,2,āt,ās,,nom. sg. f.,2,2, sence of lemma = 3,At,,,Aw,0
22,7,yellow_back,12,2,at,ad,,iic.,2,2, sence of lemma = 2,at,,,aw,0
