id,level,color_class,position,chunk_no,word,lemma,pre_verb,morph,colspan,wordlenth,aux_inf,word_slp1,sandhi_indexs,sandhi_words,word_wx,wordorder
0,1,deep_sky_back,0,1,devatānām,tā,deva,g. pl. f.,9,9,,devatAnAm,,,xevawAnAm,1
1,1,deep_sky_back,10,2,pūjayā,pūjā,,i. sg. f.,6,6,,pUjayA,,,pUjayA,2
2,1,deep_sky_back,17,3,kāmāḥ,kāma,,nom. pl. m.,5,5,,kAmAH,,,kAmAH,3
3,1,deep_sky_back,17,3,kāmāḥ,kāma,,acc. pl. f.,5,5,,kAmAH,,,kAmAH,3
4,1,deep_sky_back,17,3,kāmāḥ,kāma,,nom. pl. f.,5,5,,kAmAH,,,kAmAH,3
5,1,carmin_back,23,4,phalanti,phal,,pr. [1] ac. pl. 3,7,8,,Palanti,,,Palanwi,4
6,1,deep_sky_back,31,5,narāṇām,nara,,g. pl. m.,7,7,,narARAm,,,narANAm,5
8,2,lawngreen_back,17,3,kāmāḥ,kāma,,voc. pl. m.,5,5,,kAmAH,,,kAmAH,3
9,2,lawngreen_back,17,3,kāmāḥ,kāma,,voc. pl. f.,5,5,,kAmAH,,,kAmAH,3
10,2,deep_sky_back,23,4,phalanti,phalat,,acc. pl. n.,7,8,{ ppr. [1] ac. }[phal],Palanti,,,Palanwi,4
11,2,deep_sky_back,23,4,phalanti,phalat,,nom. pl. n.,7,8,{ ppr. [1] ac. }[phal],Palanti,,,Palanwi,4
18,3,lawngreen_back,23,4,phalanti,phalat,,voc. sg. f.,7,8,{ ppr. [1] ac. }[phal],Palanti,,,Palanwi,4
19,3,lawngreen_back,23,4,phalanti,phalat,,voc. pl. n.,7,8,{ ppr. [1] ac. }[phal],Palanti,,,Palanwi,4
