id,level,color_class,position,chunk_no,word,lemma,pre_verb,morph,colspan,wordlenth,aux_inf,word_slp1,sandhi_indexs,sandhi_words,word_wx,wordorder
0,1,deep_sky_back,0,1,nagare,nagara,,loc. sg. m.,6,6,,nagare,,,nagare,1
1,1,deep_sky_back,0,1,nagare,nagara,,acc. du. n.,6,6,,nagare,,,nagare,1
2,1,deep_sky_back,0,1,nagare,nagara,,nom. du. n.,6,6,,nagare,,,nagare,1
3,1,deep_sky_back,0,1,nagare,nagara,,loc. sg. n.,6,6,,nagare,,,nagare,1
4,1,deep_sky_back,7,2,janāḥ,jana,,nom. pl. m.,5,5,,janAH,,,janAH,2
5,1,carmin_back,13,3,vasanti,vas,,pr. [1] ac. pl. 3,7,7, sence of lemma = 1,vasanti,,,vasanwi,3
6,2,lawngreen_back,0,1,nagare,nagara,,voc. du. n.,6,6,,nagare,,,nagare,1
7,2,lawngreen_back,7,2,janāḥ,jana,,voc. pl. m.,5,5,,janAH,,,janAH,2
8,2,deep_sky_back,13,3,vasanti,vasat,,acc. pl. n.,7,7,{ ppr. [1] ac. }[vas_1],vasanti,,,vasanwi,3
9,2,deep_sky_back,13,3,vasanti,vasat,,nom. pl. n.,7,7,{ ppr. [1] ac. }[vas_1],vasanti,,,vasanwi,3
14,3,lawngreen_back,13,3,vasanti,vasat,,voc. sg. f.,7,7,{ ppr. [1] ac. }[vas_1],vasanti,,,vasanwi,3
15,3,lawngreen_back,13,3,vasanti,vasat,,voc. pl. n.,7,7,{ ppr. [1] ac. }[vas_1],vasanti,,,vasanwi,3
