id,level,color_class,position,chunk_no,word,lemma,pre_verb,morph,colspan,wordlenth,aux_inf,word_slp1,sandhi_indexs,sandhi_words,word_wx,wordorder
0,1,deep_sky_back,0,1,manuṣyāṇām,manuṣya,,g. pl. m.,10,10,,manuzyARAm,,,manuRyANAm,1
1,1,deep_sky_back,0,1,manuṣyāṇām,manuṣya,,g. pl. n.,10,10,,manuzyARAm,,,manuRyANAm,1
2,1,deep_sky_back,0,1,manuṣyāṇām,manuṣya,,g. pl. f.,10,10,,manuzyARAm,,,manuRyANAm,1
6,1,deep_sky_back,19,3,vyādhayaḥ,vyādhi,,nom. pl. m.,8,9,,vyADayaH,,,vyAXayaH,3
7,1,carmin_back,28,4,naśyanti,naś,,pr. [4] ac. pl. 3,8,8, sence of lemma = 1,naSyanti,,,naSyanwi,4
12,2,lawngreen_back,19,3,vyādhayaḥ,vyādhi,,voc. pl. m.,8,9,,vyADayaH,,,vyAXayaH,3
13,2,deep_sky_back,28,4,naśyanti,naśyat,,acc. pl. n.,8,8,{ ppr. [4] ac. }[naś_1],naSyanti,,,naSyanwi,4
14,2,deep_sky_back,28,4,naśyanti,naśyat,,nom. pl. n.,8,8,{ ppr. [4] ac. }[naś_1],naSyanti,,,naSyanwi,4
18,3,lawngreen_back,28,4,naśyanti,naśyat,,voc. sg. f.,8,8,{ ppr. [4] ac. }[naś_1],naSyanti,,,naSyanwi,4
19,3,lawngreen_back,28,4,naśyanti,naśyat,,voc. pl. n.,8,8,{ ppr. [4] ac. }[naś_1],naSyanti,,,naSyanwi,4
21,4,mauve_back,28,4,na,na,,part.,2,2,,na,,,na,0
22,4,carmin_back,30,4,śyanti,śā,,pr. [4] ac. pl. 3,6,6,,Syanti,,,Syanwi,0
25,5,deep_sky_back,30,4,śyanti,śyat,,acc. pl. n.,6,6,{ ppr. [4] ac. }[śā],Syanti,,,Syanwi,0
26,5,deep_sky_back,30,4,śyanti,śyat,,nom. pl. n.,6,6,{ ppr. [4] ac. }[śā],Syanti,,,Syanwi,0
36,6,lawngreen_back,30,4,śyanti,śyat,,voc. sg. f.,6,6,{ ppr. [4] ac. }[śā],Syanti,,,Syanwi,0
37,6,lawngreen_back,30,4,śyanti,śyat,,voc. pl. n.,6,6,{ ppr. [4] ac. }[śā],Syanti,,,Syanwi,0
48,1,compound,11,2,agadena,"aga,da",,",i. sg. m.,i. sg. m.",7,7,,agadena,,,agaxena,2
49,1,compound,11,2,agadena,"aga,da",,",i. sg. n.,i. sg. n.",7,7,,agadena,,,agaxena,2
50,1,compound,11,2,agadena,"aga,da,na",,",part.,part.,part.",7,7,,agadena,,,agaxena,2
51,1,compound,11,2,agadena,"aga,da,ina",,",voc. sg. m.,voc. sg. m.,voc. sg. m.",7,7,,agadena,,,agaxena,2
52,1,compound,11,2,agadena,"aga,da,ina",,",voc. sg. n.,voc. sg. n.,voc. sg. n.",7,7,,agadena,,,agaxena,2
53,1,compound,11,2,agadena,"a,gada",,",i. sg. m.,i. sg. m.",7,7, sence of lemma = 1,agadena,,,agaxena,2
54,1,compound,11,2,agadena,"a,gada",,",i. sg. m.,i. sg. m.",7,7, sence of lemma = 2,agadena,,,agaxena,2
55,1,compound,11,2,agadena,"a,gada",,",i. sg. n.,i. sg. n.",7,7, sence of lemma = 2,agadena,,,agaxena,2
56,1,compound,11,2,agadena,"a,gada,na",,",part.,part.,part.",7,7, sence of lemma = 1,agadena,,,agaxena,2
57,1,compound,11,2,agadena,"a,gada,ina",,",voc. sg. m.,voc. sg. m.,voc. sg. m.",7,7, sence of lemma = 1,agadena,,,agaxena,2
58,1,compound,11,2,agadena,"a,gada,ina",,",voc. sg. n.,voc. sg. n.,voc. sg. n.",7,7, sence of lemma = 1,agadena,,,agaxena,2
59,1,compound,11,2,agadena,"a,gada,na",,",part.,part.,part.",7,7, sence of lemma = 2,agadena,,,agaxena,2
60,1,compound,11,2,agadena,"a,gada,ina",,",voc. sg. m.,voc. sg. m.,voc. sg. m.",7,7, sence of lemma = 2,agadena,,,agaxena,2
61,1,compound,11,2,agadena,"a,gada,ina",,",voc. sg. n.,voc. sg. n.,voc. sg. n.",7,7, sence of lemma = 2,agadena,,,agaxena,2
62,1,compound,11,2,agadena,"a,gadā,na",,",part.,part.,part.",7,7,,agadena,,,agaxena,2
63,1,compound,11,2,agadena,"a,gadā,ina",,",voc. sg. m.,voc. sg. m.,voc. sg. m.",7,7,,agadena,,,agaxena,2
64,1,compound,11,2,agadena,"a,gadā,ina",,",voc. sg. n.,voc. sg. n.,voc. sg. n.",7,7,,agadena,,,agaxena,2
