aux_inf,chunk_no,color_class,colspan,combinationword,endposition,id,lemma,level,morph,position,pre_verb,sandhi_indexs,sandhi_words,word,word_slp1,word_wx,wordlenth,wordorder
,2,yellow_back,3,agaxena,3.0,3,aga,1,iic.,11,,,,aga,aga,aga,3,2
,2,cyan_back,4,agaxena,7.0,4,da,1,i. sg. m.,14,,,,dena,dena,xena,4,2
,2,cyan_back,4,agaxena,7.0,5,da,1,i. sg. n.,14,,,,dena,dena,xena,4,2
,2,yellow_back,1,agaxena,1.0,8,a,2,iic.,11,,,,a,a,a,1,2
 sence of lemma = 1,2,deep_sky_back,6,agaxena,7.0,9,gada,2,i. sg. m.,12,,,,gadena,gadena,gaxena,6,2
 sence of lemma = 2,2,deep_sky_back,6,agaxena,7.0,10,gada,2,i. sg. m.,12,,,,gadena,gadena,gaxena,6,2
 sence of lemma = 2,2,deep_sky_back,6,agaxena,7.0,11,gada,2,i. sg. n.,12,,,,gadena,gadena,gaxena,6,2
 sence of lemma = 1,2,yellow_back,4,agaxena,5.0,15,gada,3,iic.,12,,"46, 47, ","ina(ina), ina(ina), ",gada,gada,gaxa,4,2
 sence of lemma = 2,2,yellow_back,4,agaxena,5.0,16,gada,3,iic.,12,,"46, 47, ","ina(ina), ina(ina), ",gada,gada,gaxa,4,2
,2,mauve_back,2,agaxena,7.0,17,na,3,part.,16,,,,na,na,na,2,2
,2,yellow_back,4,agaxena,5.0,20,gadā,4,iic.,12,,"46, 47, ","ina(ina), ina(ina), ",gadā,gadA,gaxA,4,2
,2,deep_sky_back,4,agaxena,5.0,23,gadā,5,nom. sg. f.,12,,"46, 47, ","ina(ina), ina(ina), ",gadā,gadA,gaxA,4,2
 sence of lemma = 1,2,deep_sky_back,4,agaxena,5.0,24,gada,5,nom. sg. f.,12,,"46, 47, ","ina(ina), ina(ina), ",gadā,gadA,gaxA,4,2
 sence of lemma = 1,2,deep_sky_back,4,agaxena,5.0,27,gada,6,loc. sg. m.,12,,,,gade,gade,gaxe,4,2
 sence of lemma = 1,2,deep_sky_back,4,agaxena,5.0,28,gada,6,acc. du. f.,12,,,,gade,gade,gaxe,4,2
 sence of lemma = 1,2,deep_sky_back,4,agaxena,5.0,29,gada,6,nom. du. f.,12,,,,gade,gade,gaxe,4,2
 sence of lemma = 2,2,deep_sky_back,4,agaxena,5.0,30,gada,6,loc. sg. m.,12,,,,gade,gade,gaxe,4,2
 sence of lemma = 2,2,deep_sky_back,4,agaxena,5.0,31,gada,6,acc. du. n.,12,,,,gade,gade,gaxe,4,2
 sence of lemma = 2,2,deep_sky_back,4,agaxena,5.0,32,gada,6,nom. du. n.,12,,,,gade,gade,gaxe,4,2
 sence of lemma = 2,2,deep_sky_back,4,agaxena,5.0,33,gada,6,loc. sg. n.,12,,,,gade,gade,gaxe,4,2
,2,deep_sky_back,4,agaxena,5.0,34,gadā,6,acc. du. f.,12,,,,gade,gade,gaxe,4,2
,2,deep_sky_back,4,agaxena,5.0,35,gadā,6,nom. du. f.,12,,,,gade,gade,gaxe,4,2
,2,cyan_back,2,agaxena,5.0,38,da,7,nom. sg. f.,14,,"46, 47, ","ina(ina), ina(ina), ",dā,dA,xA,2,2
,2,cyan_back,2,agaxena,5.0,39,da,8,loc. sg. m.,14,,,,de,de,xe,2,2
,2,cyan_back,2,agaxena,5.0,40,da,8,acc. du. n.,14,,,,de,de,xe,2,2
,2,cyan_back,2,agaxena,5.0,41,da,8,nom. du. n.,14,,,,de,de,xe,2,2
,2,cyan_back,2,agaxena,5.0,42,da,8,loc. sg. n.,14,,,,de,de,xe,2,2
,2,cyan_back,2,agaxena,5.0,43,da,8,acc. du. f.,14,,,,de,de,xe,2,2
,2,cyan_back,2,agaxena,5.0,44,da,8,nom. du. f.,14,,,,de,de,xe,2,2
,2,yellow_back,2,agaxena,5.0,45,da,9,iic.,14,,"46, 47, ","ina(ina), ina(ina), ",da,da,xa,2,2
,2,lawngreen_back,3,agaxena,7.0,46,ina,10,voc. sg. m.,15,,,,ina,ina,ina,3,2
,2,lawngreen_back,3,agaxena,7.0,47,ina,10,voc. sg. n.,15,,,,ina,ina,ina,3,2
