id,level,color_class,position,chunk_no,word,lemma,pre_verb,morph,colspan,wordlenth,aux_inf,word_slp1,sandhi_indexs,sandhi_words,word_wx,wordorder
0,1,deep_sky_back,0,1,latānām,latā,,g. pl. f.,7,7,,latAnAm,,,lawAnAm,1
1,1,deep_sky_back,8,2,puṣpeṣu,puṣpa,,loc. pl. n.,7,7,,puzpezu,,,puRpeRu,2
2,1,deep_sky_back,8,2,puṣpeṣu,puṣpa,,loc. pl. m.,7,7,,puzpezu,,,puRpeRu,2
3,1,deep_sky_back,16,3,bhramarāḥ,bhramara,,nom. pl. m.,8,9,,BramarAH,,,BramarAH,3
4,1,carmin_back,25,4,upaviśanti,viś,upa,pr. [6] ac. pl. 3,10,10, sence of lemma = 1,upaviSanti,,,upaviSanwi,4
7,2,lawngreen_back,16,3,bhramarāḥ,bhramara,,voc. pl. m.,8,9,,BramarAH,,,BramarAH,3
8,2,deep_sky_back,25,4,upaviśanti,viśat,upa,acc. pl. n.,10,10,{ ppr. [6] ac. }[upa-viś_1],upaviSanti,,,upaviSanwi,4
9,2,deep_sky_back,25,4,upaviśanti,viśat,upa,nom. pl. n.,10,10,{ ppr. [6] ac. }[upa-viś_1],upaviSanti,,,upaviSanwi,4
16,3,lawngreen_back,25,4,upaviśanti,viśat,upa,voc. sg. f.,10,10,{ ppr. [6] ac. }[upa-viś_1],upaviSanti,,,upaviSanwi,4
17,3,lawngreen_back,25,4,upaviśanti,viśat,upa,voc. pl. n.,10,10,{ ppr. [6] ac. }[upa-viś_1],upaviSanti,,,upaviSanwi,4
