id,level,color_class,position,chunk_no,word,lemma,pre_verb,morph,colspan,wordlenth,aux_inf,word_slp1,sandhi_indexs,sandhi_words,word_wx,wordorder
0,1,deep_sky_back,0,1,vīrayoḥ,vīra,,loc. du. m.,7,7,,vIrayoH,,,vIrayoH,1
1,1,deep_sky_back,0,1,vīrayoḥ,vīra,,g. du. m.,7,7,,vIrayoH,,,vIrayoH,1
2,1,deep_sky_back,8,2,yuddham,yuddha,,acc. sg. n.,6,7,{ pp. }[yudh_1],yudDam,,,yuxXam,2
3,1,deep_sky_back,8,2,yuddham,yuddha,,nom. sg. n.,6,7,{ pp. }[yudh_1],yudDam,,,yuxXam,2
4,1,deep_sky_back,8,2,yuddham,yuddha,,acc. sg. m.,6,7,{ pp. }[yudh_1],yudDam,,,yuxXam,2
5,1,deep_sky_back,15,3,bhavati,bhavat,,loc. sg. m.,6,7, sence of lemma = 2,Bavati,,,Bavawi,3
6,2,yellow_back,0,1,vīra,vīra,,iic.,4,4,,vIra,,,vIra,0
7,2,cyan_back,4,1,yoḥ,yu,,g. sg. m.,3,3, sence of lemma = 3,yoH,,,yoH,0
8,2,cyan_back,4,1,yoḥ,yu,,abl. sg. m.,3,3, sence of lemma = 3,yoH,,,yoH,0
9,2,cyan_back,4,1,yoḥ,yu,,g. sg. f.,3,3, sence of lemma = 3,yoH,,,yoH,0
10,2,cyan_back,4,1,yoḥ,yu,,abl. sg. f.,3,3, sence of lemma = 3,yoH,,,yoH,0
11,2,carmin_back,15,3,bhavati,bhū,,pr. [1] ac. sg. 3,6,7, sence of lemma = 1,Bavati,,,Bavawi,3
12,3,deep_sky_back,15,3,bhavati,bhavat,,loc. sg. n.,6,7,{ ppr. [1] ac. }[bhū_1] sence of lemma = 1,Bavati,,,Bavawi,3
13,3,deep_sky_back,15,3,bhavati,bhavat,,loc. sg. m.,6,7,{ ppr. [1] ac. }[bhū_1] sence of lemma = 1,Bavati,,,Bavawi,3
14,4,lawngreen_back,15,3,bhavati,bhavat,,voc. sg. f.,6,7, sence of lemma = 2,Bavati,,,Bavawi,3
