id,level,color_class,position,chunk_no,word,lemma,pre_verb,morph,colspan,wordlenth,aux_inf,word_slp1,sandhi_indexs,sandhi_words,word_wx,wordorder
0,1,deep_sky_back,0,1,ācāryāḥ,cārya,ā,acc. pl. f.,7,7,{ ca. pfp. [1] }[ā-car],AcAryAH,,,AcAryAH,1
1,1,deep_sky_back,0,1,ācāryāḥ,cārya,ā,nom. pl. f.,7,7,{ ca. pfp. [1] }[ā-car],AcAryAH,,,AcAryAH,1
2,1,deep_sky_back,0,1,ācāryāḥ,cārya,ā,nom. pl. m.,7,7,{ ca. pfp. [1] }[ā-car],AcAryAH,,,AcAryAH,1
3,1,deep_sky_back,0,1,ācāryāḥ,cārya,ā,acc. pl. f.,7,7,{ pfp. [1] }[ā-car],AcAryAH,,,AcAryAH,1
4,1,deep_sky_back,0,1,ācāryāḥ,cārya,ā,nom. pl. f.,7,7,{ pfp. [1] }[ā-car],AcAryAH,,,AcAryAH,1
5,1,deep_sky_back,0,1,ācāryāḥ,cārya,ā,nom. pl. m.,7,7,{ pfp. [1] }[ā-car],AcAryAH,,,AcAryAH,1
6,1,deep_sky_back,8,2,śiṣyāṇām,śiṣya,,g. pl. f.,8,8,{ pfp. [1] }[śās],SizyARAm,,,SiRyANAm,2
7,1,deep_sky_back,8,2,śiṣyāṇām,śiṣya,,g. pl. n.,8,8,{ pfp. [1] }[śās],SizyARAm,,,SiRyANAm,2
8,1,deep_sky_back,8,2,śiṣyāṇām,śiṣya,,g. pl. m.,8,8,{ pfp. [1] }[śās],SizyARAm,,,SiRyANAm,2
9,1,deep_sky_back,17,3,dharmam,dharma,,acc. sg. m.,6,7,,Darmam,,,Xarmam,3
10,1,deep_sky_back,17,3,dharmam,dharma,,acc. sg. n.,6,7,,Darmam,,,Xarmam,3
11,1,deep_sky_back,17,3,dharmam,dharma,,nom. sg. n.,6,7,,Darmam,,,Xarmam,3
12,1,carmin_back,24,4,kathayanti,kath,,pr. [10] ac. pl. 3,9,10,,kaTayanti,,,kaWayanwi,4
13,2,lawngreen_back,0,1,ācāryāḥ,cārya,ā,voc. pl. f.,7,7,{ ca. pfp. [1] }[ā-car],AcAryAH,,,AcAryAH,1
14,2,lawngreen_back,0,1,ācāryāḥ,cārya,ā,voc. pl. m.,7,7,{ ca. pfp. [1] }[ā-car],AcAryAH,,,AcAryAH,1
15,2,lawngreen_back,0,1,ācāryāḥ,cārya,ā,voc. pl. f.,7,7,{ pfp. [1] }[ā-car],AcAryAH,,,AcAryAH,1
16,2,lawngreen_back,0,1,ācāryāḥ,cārya,ā,voc. pl. m.,7,7,{ pfp. [1] }[ā-car],AcAryAH,,,AcAryAH,1
17,2,deep_sky_back,24,4,kathayanti,kathayat,,acc. pl. n.,9,10,{ ppr. [10] ac. }[kath],kaTayanti,,,kaWayanwi,4
18,2,deep_sky_back,24,4,kathayanti,kathayat,,nom. pl. n.,9,10,{ ppr. [10] ac. }[kath],kaTayanti,,,kaWayanwi,4
20,3,lawngreen_back,24,4,kathayanti,kathayat,,voc. sg. f.,9,10,{ ppr. [10] ac. }[kath],kaTayanti,,,kaWayanwi,4
21,3,lawngreen_back,24,4,kathayanti,kathayat,,voc. pl. n.,9,10,{ ppr. [10] ac. }[kath],kaTayanti,,,kaWayanwi,4
