id,level,color_class,position,chunk_no,word,lemma,pre_verb,morph,colspan,wordlenth,aux_inf,word_slp1,sandhi_indexs,sandhi_words,word_wx,wordorder
0,1,mauve_back,0,1,tu,tu,,conj.,2,2,,tu,,,wu,0
1,1,carmin_back,2,1,ayāḥ,yā,,impft. [2] ac. sg. 2,4,4, sence of lemma = 1,ayAH,,,ayAH,0
2,1,deep_sky_back,6,1,arcyamānena,arcyamāna,,i. sg. n.,11,11,{ ca. ppr. ps. }[ṛc_1],arcyamAnena,,,arcyamAnena,2
3,1,deep_sky_back,6,1,arcyamānena,arcyamāna,,i. sg. m.,11,11,{ ca. ppr. ps. }[ṛc_1],arcyamAnena,,,arcyamAnena,2
4,1,deep_sky_back,18,2,sūryeṇa,sūrya,,i. sg. m.,7,7,,sUryeRa,,,sUryeNa,3
5,1,mauve_back,26,3,saha,saha,,adv.,4,4, sence of lemma = 2,saha,,,saha,4
6,1,mauve_back,26,3,saha,saha,,prep.,4,4, sence of lemma = 2,saha,,,saha,4
7,1,light_blue_back,31,4,tava,yuṣmad,,g. sg. *,4,4,,tava,,,wava,5
8,1,yellow_back,36,5,prathama,prathama,,iic.,7,8,,praTama,,,praWama,0
9,1,deep_sky_back,43,5,paricayam,paricaya,,acc. sg. m.,9,9,,paricayam,,,paricayam,0
10,1,deep_sky_back,53,6,kṛtavatī,kṛtavat,,nom. sg. f.,8,8,{ ppa. }[kṛ_1],kftavatI,,,kqwavawI,7
11,1,deep_sky_back,53,6,kṛtavatī,kṛtavat,,acc. du. n.,8,8,{ ppa. }[kṛ_1],kftavatI,,,kqwavawI,7
12,1,deep_sky_back,53,6,kṛtavatī,kṛtavat,,nom. du. n.,8,8,{ ppa. }[kṛ_1],kftavatI,,,kqwavawI,7
13,1,deep_sky_back,62,7,strī,strī,,nom. sg. f.,4,4,,strI,,,swrI,8
14,1,light_blue_back,67,8,aham,asmad,,nom. sg. *,4,4,,aham,,,aham,9
15,1,carmin_back,72,9,asmi,as,,pr. [2] ac. sg. 1,4,4, sence of lemma = 1,asmi,,,asmi,10
16,2,carmin_back,2,1,ayai,i,,imp. [2] md. sg. 1,3,4,,ayE,,,ayE,0
17,2,carmin_back,2,1,ayai,i,,imp. [1] md. sg. 1,3,4,,ayE,,,ayE,0
18,2,deep_sky_back,6,1,arcyamānā,arcyamāna,,nom. sg. f.,9,9,{ ca. ppr. ps. }[ṛc_1],arcyamAnA,"72, 73, ","ina(ina), ina(ina), ",arcyamAnA,0
19,2,mauve_back,15,1,na,na,,part.,2,2,,na,,,na,0
20,2,yellow_back,18,2,sūri,sūri,,iic.,4,4,,sUri,,,sUri,0
21,2,lawngreen_back,22,2,eṇa,eṇa,,voc. sg. m.,3,3,,eRa,,,eNa,0
22,2,carmin_back,26,3,saha,sah,,imp. [1] ac. sg. 2,4,4, sence of lemma = 1,saha,,,saha,4
23,2,deep_sky_back,36,5,pratham,pratha,,acc. sg. m.,6,7,,praTam,,,praWam,0
24,2,lavender_back,42,5,apa,apa,,iic.,3,3,,apa,,,apa,0
25,2,cyan_back,45,5,ri,rā,,loc. sg. m.,2,2, sence of lemma = 2,ri,,,ri,0
26,2,deep_sky_back,47,5,cayam,caya,,acc. sg. m.,5,5,,cayam,,,cayam,0
27,2,deep_sky_back,53,6,kṛtavatī,kṛta,,nom. sg. f.,8,8,{ pp. }[kṛ_1]-vat,kftavatI,,,kqwavawI,7
28,2,deep_sky_back,53,6,kṛtavatī,kṛta,,acc. du. n.,8,8,{ pp. }[kṛ_1]-vat,kftavatI,,,kqwavawI,7
29,2,deep_sky_back,53,6,kṛtavatī,kṛta,,nom. du. n.,8,8,{ pp. }[kṛ_1]-vat,kftavatI,,,kqwavawI,7
30,3,deep_sky_back,6,1,arcyamāne,arcyamāna,,acc. du. f.,9,9,{ ca. ppr. ps. }[ṛc_1],arcyamAne,,,arcyamAne,0
31,3,deep_sky_back,6,1,arcyamāne,arcyamāna,,nom. du. f.,9,9,{ ca. ppr. ps. }[ṛc_1],arcyamAne,,,arcyamAne,0
32,3,deep_sky_back,6,1,arcyamāne,arcyamāna,,acc. du. n.,9,9,{ ca. ppr. ps. }[ṛc_1],arcyamAne,,,arcyamAne,0
33,3,deep_sky_back,6,1,arcyamāne,arcyamāna,,nom. du. n.,9,9,{ ca. ppr. ps. }[ṛc_1],arcyamAne,,,arcyamAne,0
34,3,deep_sky_back,6,1,arcyamāne,arcyamāna,,loc. sg. n.,9,9,{ ca. ppr. ps. }[ṛc_1],arcyamAne,,,arcyamAne,0
35,3,deep_sky_back,6,1,arcyamāne,arcyamāna,,loc. sg. m.,9,9,{ ca. ppr. ps. }[ṛc_1],arcyamAne,,,arcyamAne,0
36,3,deep_sky_back,18,2,sūrī,sūri,,acc. du. m.,4,4,,sUrI,,,sUrI,0
37,3,deep_sky_back,18,2,sūrī,sūri,,nom. du. m.,4,4,,sUrI,,,sUrI,0
38,3,light_blue_back,26,3,sa,tad,,nom. sg. m.,2,2,,sa,,,sa,0
39,3,mauve_back,28,3,ha,ha,,part.,2,2,,ha,,,ha,0
40,3,yellow_back,42,5,a,a,,iic.,1,1,,a,,,a,0
41,3,cyan_back,43,5,paricayam,paricaya,,acc. sg. n.,9,9,,paricayam,,,paricayam,0
42,3,cyan_back,43,5,paricayam,paricaya,,nom. sg. n.,9,9,,paricayam,,,paricayam,0
43,3,lawngreen_back,53,6,kṛtavatī,kṛtavat,,voc. du. n.,8,8,{ ppa. }[kṛ_1],kftavatI,,,kqwavawI,7
44,4,yellow_back,6,1,arcyamāna,arcyamāna,,iic.,9,9,{ ca. ppr. ps. }[ṛc_1],arcyamAna,"72, 73, ","ina(ina), ina(ina), ",arcyamAna,0
45,4,yellow_back,43,5,pa,pa,,iic.,2,2, sence of lemma = 1,pa,,,pa,0
46,4,yellow_back,43,5,pa,pa,,iic.,2,2, sence of lemma = 2,pa,,,pa,0
47,4,magenta_back,45,5,ri,rai,,ind.,2,2,,ri,,,ri,0
48,4,mauve_back,47,5,ca,ca,,conj.,2,2,,ca,,,ca,0
49,4,light_blue_back,49,5,yam,yad,,acc. sg. m.,3,3,,yam,,,yam,0
50,5,deep_sky_back,6,1,arcyam,arcya,,acc. sg. n.,6,6,{ ca. pfp. [1] }[ṛc_1],arcyam,,,arcyam,0
51,5,deep_sky_back,6,1,arcyam,arcya,,nom. sg. n.,6,6,{ ca. pfp. [1] }[ṛc_1],arcyam,,,arcyam,0
52,5,deep_sky_back,6,1,arcyam,arcya,,acc. sg. m.,6,6,{ ca. pfp. [1] }[ṛc_1],arcyam,,,arcyam,0
53,5,deep_sky_back,6,1,arcyam,arcya,,acc. sg. n.,6,6,{ pfp. [1] }[ṛc_1],arcyam,,,arcyam,0
54,5,deep_sky_back,6,1,arcyam,arcya,,nom. sg. n.,6,6,{ pfp. [1] }[ṛc_1],arcyam,,,arcyam,0
55,5,deep_sky_back,6,1,arcyam,arcya,,acc. sg. m.,6,6,{ pfp. [1] }[ṛc_1],arcyam,,,arcyam,0
56,5,deep_sky_back,12,1,ānena,āna,,i. sg. m.,5,5,,Anena,,,Anena,0
57,5,deep_sky_back,12,1,ānena,āna,,i. sg. n.,5,5,,Anena,,,Anena,0
58,6,mauve_back,6,1,arcya,arcya,,adv.,5,5,,arcya,,,arcya,0
59,6,deep_sky_back,11,1,mānena,māna,,i. sg. n.,6,6, sence of lemma = 2,mAnena,,,mAnena,0
60,7,yellow_back,6,1,arcya,arcya,,iic.,5,5,{ ca. pfp. [1] }[ṛc_1],arcya,,,arcya,0
61,7,yellow_back,6,1,arcya,arcya,,iic.,5,5,{ pfp. [1] }[ṛc_1],arcya,,,arcya,0
62,7,deep_sky_back,11,1,mānena,māna,,i. sg. n.,6,6,{ pp. }[man] sence of lemma = 1,mAnena,,,mAnena,0
63,7,deep_sky_back,11,1,mānena,māna,,i. sg. m.,6,6,{ pp. }[man] sence of lemma = 1,mAnena,,,mAnena,0
64,8,mauve_back,6,1,arcya,ṛc,,abs.,5,5, sence of lemma = 1,arcya,,,arcya,0
65,8,cyan_back,11,1,mānena,māna,,i. sg. m.,6,6, sence of lemma = 2,mAnena,,,mAnena,0
66,9,yellow_back,6,1,arci,arci,,iic.,4,4,,arci,,,arci,0
67,9,mauve_back,10,1,amā,amā,,adv.,3,3,,amA,"56, 57, 93, 94, 97, 98, 99, 100, 101, 102, ","ānena(Anena), ānena(Anena), anena(anena), anena(anena), āne(Ane), āne(Ane), āne(Ane), āne(Ane), āne(Ane), āne(Ane), ",amA,0
68,9,mauve_back,13,1,na,na,,part.,2,2,,na,"72, 73, ","ina(ina), ina(ina), ",na,0
69,10,deep_sky_back,6,1,arcī,arci,,acc. du. m.,4,4,,arcI,,,arcI,0
70,10,deep_sky_back,6,1,arcī,arci,,nom. du. m.,4,4,,arcI,,,arcI,0
71,10,carmin_back,10,1,ama,am,,imp. [1] ac. sg. 2,3,3,,ama,"56, 57, 93, 94, 97, 98, 99, 100, 101, 102, ","ānena(Anena), ānena(Anena), anena(anena), anena(anena), āne(Ane), āne(Ane), āne(Ane), āne(Ane), āne(Ane), āne(Ane), ",ama,0
72,10,lawngreen_back,14,1,ina,ina,,voc. sg. m.,3,3,,ina,,,ina,0
73,10,lawngreen_back,14,1,ina,ina,,voc. sg. n.,3,3,,ina,,,ina,0
74,11,yellow_back,10,1,a,a,,iic.,1,1,,a,,,a,0
75,11,yellow_back,11,1,māna,māna,,iic.,4,4, sence of lemma = 2,mAna,"72, 73, ","ina(ina), ina(ina), ",mAna,0
76,12,deep_sky_back,11,1,māne,māna,,acc. du. n.,4,4, sence of lemma = 2,mAne,,,mAne,0
77,12,deep_sky_back,11,1,māne,māna,,nom. du. n.,4,4, sence of lemma = 2,mAne,,,mAne,0
78,12,deep_sky_back,11,1,māne,māna,,loc. sg. n.,4,4, sence of lemma = 2,mAne,,,mAne,0
79,13,deep_sky_back,11,1,mānā,māna,,nom. sg. f.,4,4,{ pp. }[man] sence of lemma = 1,mAnA,"72, 73, ","ina(ina), ina(ina), ",mAnA,0
80,14,deep_sky_back,11,1,māne,māna,,acc. du. f.,4,4,{ pp. }[man] sence of lemma = 1,mAne,,,mAne,0
81,14,deep_sky_back,11,1,māne,māna,,nom. du. f.,4,4,{ pp. }[man] sence of lemma = 1,mAne,,,mAne,0
82,14,deep_sky_back,11,1,māne,māna,,acc. du. n.,4,4,{ pp. }[man] sence of lemma = 1,mAne,,,mAne,0
83,14,deep_sky_back,11,1,māne,māna,,nom. du. n.,4,4,{ pp. }[man] sence of lemma = 1,mAne,,,mAne,0
84,14,deep_sky_back,11,1,māne,māna,,loc. sg. n.,4,4,{ pp. }[man] sence of lemma = 1,mAne,,,mAne,0
85,14,deep_sky_back,11,1,māne,māna,,loc. sg. m.,4,4,{ pp. }[man] sence of lemma = 1,mAne,,,mAne,0
86,15,yellow_back,11,1,māna,māna,,iic.,4,4,{ pp. }[man] sence of lemma = 1,mAna,"72, 73, ","ina(ina), ina(ina), ",mAna,0
87,16,cyan_back,11,1,mānā,māna,,nom. sg. f.,4,4, sence of lemma = 2,mAnA,"72, 73, ","ina(ina), ina(ina), ",mAnA,0
88,17,cyan_back,11,1,māne,māna,,acc. du. f.,4,4, sence of lemma = 2,mAne,,,mAne,0
89,17,cyan_back,11,1,māne,māna,,nom. du. f.,4,4, sence of lemma = 2,mAne,,,mAne,0
90,17,cyan_back,11,1,māne,māna,,loc. sg. m.,4,4, sence of lemma = 2,mAne,,,mAne,0
91,18,mauve_back,11,1,mā,mā,,part.,2,2, sence of lemma = 2,mA,"56, 57, 93, 94, 97, 98, 99, 100, 101, 102, ","ānena(Anena), ānena(Anena), anena(anena), anena(anena), āne(Ane), āne(Ane), āne(Ane), āne(Ane), āne(Ane), āne(Ane), ",mA,0
92,19,light_blue_back,11,1,mā,asmad,,acc. sg. *,2,2,,mA,"56, 57, 93, 94, 97, 98, 99, 100, 101, 102, ","ānena(Anena), ānena(Anena), anena(anena), anena(anena), āne(Ane), āne(Ane), āne(Ane), āne(Ane), āne(Ane), āne(Ane), ",mA,0
93,20,light_blue_back,12,1,anena,idam,,i. sg. n.,5,5,,anena,,,anena,0
94,20,light_blue_back,12,1,anena,idam,,i. sg. m.,5,5,,anena,,,anena,0
95,21,yellow_back,12,1,āna,āna,,iic.,3,3,,Ana,"72, 73, ","ina(ina), ina(ina), ",Ana,0
96,22,deep_sky_back,12,1,ānā,āna,,nom. sg. f.,3,3,,AnA,"72, 73, ","ina(ina), ina(ina), ",AnA,0
97,23,deep_sky_back,12,1,āne,āna,,loc. sg. m.,3,3,,Ane,,,Ane,0
98,23,deep_sky_back,12,1,āne,āna,,acc. du. n.,3,3,,Ane,,,Ane,0
99,23,deep_sky_back,12,1,āne,āna,,nom. du. n.,3,3,,Ane,,,Ane,0
100,23,deep_sky_back,12,1,āne,āna,,loc. sg. n.,3,3,,Ane,,,Ane,0
101,23,deep_sky_back,12,1,āne,āna,,acc. du. f.,3,3,,Ane,,,Ane,0
102,23,deep_sky_back,12,1,āne,āna,,nom. du. f.,3,3,,Ane,,,Ane,0
103,24,carmin_back,12,1,āna,an,,pft. ac. pl. 2,3,3, sence of lemma = 2,Ana,"72, 73, ","ina(ina), ina(ina), ",Ana,0
104,24,carmin_back,12,1,āna,an,,pft. ac. sg. 3,3,3, sence of lemma = 2,Ana,"72, 73, ","ina(ina), ina(ina), ",Ana,0
105,24,carmin_back,12,1,āna,an,,pft. ac. sg. 1,3,3, sence of lemma = 2,Ana,"72, 73, ","ina(ina), ina(ina), ",Ana,0
