id,level,color_class,position,chunk_no,word,lemma,pre_verb,morph,colspan,wordlenth,aux_inf,word_slp1,sandhi_indexs,sandhi_words,word_wx,wordorder
0,1,deep_sky_back,0,1,śāstrāṇām,śāstra,,g. pl. n.,9,9,,SAstrARAm,,,SAswrANAm,1
1,1,deep_sky_back,10,2,tattvam,tva,tat,acc. sg. n.,7,7,,tattvam,,,wawwvam,2
2,1,deep_sky_back,10,2,tattvam,tva,tat,nom. sg. n.,7,7,,tattvam,,,wawwvam,2
3,1,deep_sky_back,18,3,prajñaḥ,prajña,,nom. sg. m.,7,7,,prajYaH,,,prajFaH,3
4,1,carmin_back,26,4,bodhati,budh,,pr. [1] ac. sg. 3,6,7, sence of lemma = 1,boDati,,,boXawi,4
8,2,deep_sky_back,26,4,bodhati,bodhat,,loc. sg. n.,6,7,{ ppr. [1] ac. }[budh_1],boDati,,,boXawi,4
9,2,deep_sky_back,26,4,bodhati,bodhat,,loc. sg. m.,6,7,{ ppr. [1] ac. }[budh_1],boDati,,,boXawi,4
