id,level,color_class,position,chunk_no,word,lemma,pre_verb,morph,colspan,wordlenth,aux_inf,word_slp1,sandhi_indexs,sandhi_words,word_wx,wordorder
0,1,deep_sky_back,0,1,vāriṇā,vāri,,i. sg. n.,6,6,,vAriRA,,,vAriNA,1
1,1,deep_sky_back,7,1,hastau,hasta,,acc. du. m.,5,6,,hastO,,,haswO,2
2,1,deep_sky_back,7,1,hastau,hasta,,nom. du. m.,5,6,,hastO,,,haswO,2
3,1,carmin_back,13,2,kṣālayati,kṣal,,pr. [10] ac. sg. 3,9,9,,kzAlayati,,,kRAlayawi,3
5,2,lawngreen_back,7,1,hastau,hasta,,voc. du. m.,5,6,,hastO,,,haswO,2
6,2,deep_sky_back,13,2,kṣālayati,kṣālayat,,loc. sg. n.,9,9,{ ppr. [10] ac. }[kṣal],kzAlayati,,,kRAlayawi,3
7,2,deep_sky_back,13,2,kṣālayati,kṣālayat,,loc. sg. m.,9,9,{ ppr. [10] ac. }[kṣal],kzAlayati,,,kRAlayawi,3
