id,level,color_class,position,chunk_no,word,lemma,pre_verb,morph,colspan,wordlenth,aux_inf,word_slp1,sandhi_indexs,sandhi_words,word_wx,wordorder
0,1,deep_sky_back,0,1,siṃhaḥ,siṃha,,nom. sg. m.,6,6,,siMhaH,,,siMhaH,1
1,1,deep_sky_back,7,2,nakhaiḥ,nakha,,i. pl. m.,5,7,,naKEH,,,naKEH,2
2,1,deep_sky_back,7,2,nakhaiḥ,nakha,,i. pl. n.,5,7,,naKEH,,,naKEH,2
3,1,deep_sky_back,13,3,gajān,gaja,,acc. pl. m.,5,5,,gajAn,,,gajAn,3
4,1,carmin_back,19,4,dārayati,dṝ,,ca. pr. ac. sg. 3,8,8,,dArayati,,,xArayawi,4
7,2,deep_sky_back,19,4,dārayati,dārayat,,loc. sg. n.,8,8,{ ca. ppr. ac. }[dṝ],dArayati,,,xArayawi,4
8,2,deep_sky_back,19,4,dārayati,dārayat,,loc. sg. m.,8,8,{ ca. ppr. ac. }[dṝ],dArayati,,,xArayawi,4
