id,level,color_class,position,chunk_no,word,lemma,pre_verb,morph,colspan,wordlenth,aux_inf,word_slp1,sandhi_indexs,sandhi_words,word_wx,wordorder
0,1,deep_sky_back,0,1,vaneṣu,vana,,loc. pl. n.,6,6,,vanezu,,,vaneRu,1
1,1,deep_sky_back,7,2,śvāpadāḥ,śvāpada,,nom. pl. m.,8,8,,SvApadAH,,,SvApaxAH,2
2,1,carmin_back,16,3,santi,as,,pr. [2] ac. pl. 3,5,5, sence of lemma = 1,santi,,,sanwi,3
4,2,lawngreen_back,7,2,śvāpadāḥ,śvāpada,,voc. pl. m.,8,8,,SvApadAH,,,SvApaxAH,2
5,2,deep_sky_back,16,3,santi,sat,,acc. pl. n.,5,5,{ ppr. [2] ac. }[as_1],santi,,,sanwi,3
6,2,deep_sky_back,16,3,santi,sat,,nom. pl. n.,5,5,{ ppr. [2] ac. }[as_1],santi,,,sanwi,3
11,3,lawngreen_back,16,3,santi,sat,,voc. pl. n.,5,5,{ ppr. [2] ac. }[as_1],santi,,,sanwi,3
