id,level,color_class,position,chunk_no,word,lemma,pre_verb,morph,colspan,wordlenth,aux_inf,word_slp1,sandhi_indexs,sandhi_words,word_wx,wordorder
0,1,deep_sky_back,0,1,arjunasya,arjuna,,g. sg. m.,9,9,,arjunasya,,,arjunasya,1
1,1,deep_sky_back,0,1,arjunasya,arjuna,,g. sg. n.,9,9,,arjunasya,,,arjunasya,1
2,1,deep_sky_back,10,2,mātā,mātṛ,,nom. sg. f.,4,4,,mAtA,,,mAwA,2
3,1,deep_sky_back,15,3,kuntī,kuntī,,nom. sg. f.,5,5,,kuntI,,,kunwI,3
4,1,deep_sky_back,15,3,kuntī,kunti,,acc. du. m.,5,5,,kuntI,,,kunwI,3
5,1,deep_sky_back,15,3,kuntī,kunti,,nom. du. m.,5,5,,kuntI,,,kunwI,3
6,1,carmin_back,21,4,asti,as,,pr. [2] ac. sg. 3,4,4, sence of lemma = 1,asti,,,aswi,4
7,2,carmin_back,10,2,mātā,mā,,per. fut. ac. sg. 3,4,4, sence of lemma = 1,mAtA,,,mAwA,2
8,2,carmin_back,10,2,mātā,mā,,per. fut. ac. sg. 3,4,4, sence of lemma = 3,mAtA,,,mAwA,2
9,2,carmin_back,10,2,mātā,mā,,per. fut. ac. sg. 3,4,4, sence of lemma = 4,mAtA,,,mAwA,2
10,2,lawngreen_back,15,3,kuntī,kunti,,voc. du. m.,5,5,,kuntI,,,kunwI,3
11,3,deep_sky_back,10,2,mātā,māt,,i. sg. n.,4,4,{ ppr. [2] ac. }[mā_1],mAtA,,,mAwA,2
12,3,deep_sky_back,10,2,mātā,māt,,i. sg. m.,4,4,{ ppr. [2] ac. }[mā_1],mAtA,,,mAwA,2
