id,level,color_class,position,chunk_no,word,lemma,pre_verb,morph,colspan,wordlenth,aux_inf,word_slp1,sandhi_indexs,sandhi_words,word_wx,wordorder
0,1,deep_sky_back,0,1,ācāryāḥ,cārya,ā,acc. pl. f.,7,7,{ ca. pfp. [1] }[ā-car],AcAryAH,,,AcAryAH,1
1,1,deep_sky_back,0,1,ācāryāḥ,cārya,ā,nom. pl. f.,7,7,{ ca. pfp. [1] }[ā-car],AcAryAH,,,AcAryAH,1
2,1,deep_sky_back,0,1,ācāryāḥ,cārya,ā,nom. pl. m.,7,7,{ ca. pfp. [1] }[ā-car],AcAryAH,,,AcAryAH,1
3,1,deep_sky_back,0,1,ācāryāḥ,cārya,ā,acc. pl. f.,7,7,{ pfp. [1] }[ā-car],AcAryAH,,,AcAryAH,1
4,1,deep_sky_back,0,1,ācāryāḥ,cārya,ā,nom. pl. f.,7,7,{ pfp. [1] }[ā-car],AcAryAH,,,AcAryAH,1
5,1,deep_sky_back,0,1,ācāryāḥ,cārya,ā,nom. pl. m.,7,7,{ pfp. [1] }[ā-car],AcAryAH,,,AcAryAH,1
6,1,deep_sky_back,8,2,śiṣyāṇām,śiṣya,,g. pl. f.,8,8,{ pfp. [1] }[śās],SizyARAm,,,SiRyANAm,2
7,1,deep_sky_back,8,2,śiṣyāṇām,śiṣya,,g. pl. n.,8,8,{ pfp. [1] }[śās],SizyARAm,,,SiRyANAm,2
8,1,deep_sky_back,8,2,śiṣyāṇām,śiṣya,,g. pl. m.,8,8,{ pfp. [1] }[śās],SizyARAm,,,SiRyANAm,2
9,1,deep_sky_back,17,3,dharmam,dharma,,acc. sg. m.,6,7,,Darmam,,,Xarmam,3
10,1,deep_sky_back,17,3,dharmam,dharma,,acc. sg. n.,6,7,,Darmam,,,Xarmam,3
11,1,deep_sky_back,17,3,dharmam,dharma,,nom. sg. n.,6,7,,Darmam,,,Xarmam,3
12,1,carmin_back,24,4,kathayanti,kath,,pr. [10] ac. pl. 3,9,10,,kaTayanti,,,kaWayanwi,4
13,2,lawngreen_back,0,1,ācāryāḥ,cārya,ā,voc. pl. f.,7,7,{ ca. pfp. [1] }[ā-car],AcAryAH,,,AcAryAH,1
14,2,lawngreen_back,0,1,ācāryāḥ,cārya,ā,voc. pl. m.,7,7,{ ca. pfp. [1] }[ā-car],AcAryAH,,,AcAryAH,1
15,2,lawngreen_back,0,1,ācāryāḥ,cārya,ā,voc. pl. f.,7,7,{ pfp. [1] }[ā-car],AcAryAH,,,AcAryAH,1
16,2,lawngreen_back,0,1,ācāryāḥ,cārya,ā,voc. pl. m.,7,7,{ pfp. [1] }[ā-car],AcAryAH,,,AcAryAH,1
17,2,deep_sky_back,24,4,kathayanti,kathayat,,acc. pl. n.,9,10,{ ppr. [10] ac. }[kath],kaTayanti,,,kaWayanwi,4
18,2,deep_sky_back,24,4,kathayanti,kathayat,,nom. pl. n.,9,10,{ ppr. [10] ac. }[kath],kaTayanti,,,kaWayanwi,4
19,3,carmin_back,0,1,āca,añc,ā,imp. [1] ac. sg. 2,3,3,,Aca,"22, 23, 24, 28, 29, 30, 31, 32, 33, 34, 35, 36, ","aryāḥ(aryAH), aryāḥ(aryAH), aryāḥ(aryAH), āryāḥ(AryAH), āryāḥ(AryAH), āryāḥ(AryAH), aryāḥ(aryAH), aryāḥ(aryAH), āryāḥ(AryAH), āryāḥ(AryAH), aryāḥ(aryAH), aryāḥ(aryAH), ",Aca,0
20,3,lawngreen_back,24,4,kathayanti,kathayat,,voc. sg. f.,9,10,{ ppr. [10] ac. }[kath],kaTayanti,,,kaWayanwi,4
21,3,lawngreen_back,24,4,kathayanti,kathayat,,voc. pl. n.,9,10,{ ppr. [10] ac. }[kath],kaTayanti,,,kaWayanwi,4
22,4,deep_sky_back,2,1,aryāḥ,arya,,acc. pl. f.,5,5,{ pfp. [1] }[ṛ],aryAH,,,aryAH,0
23,4,deep_sky_back,2,1,aryāḥ,arya,,nom. pl. f.,5,5,{ pfp. [1] }[ṛ],aryAH,,,aryAH,0
24,4,deep_sky_back,2,1,aryāḥ,arya,,nom. pl. m.,5,5,{ pfp. [1] }[ṛ],aryAH,,,aryAH,0
25,4,deep_sky_back,24,4,kathe,kathā,,acc. du. f.,4,5,,kaTe,,,kaWe,0
26,4,deep_sky_back,24,4,kathe,kathā,,nom. du. f.,4,5,,kaTe,,,kaWe,0
27,4,mauve_back,29,4,anti,anti,,prep.,4,4,,anti,,,anwi,0
28,5,deep_sky_back,2,1,āryāḥ,ārya,,acc. pl. f.,5,5,{ pfp. [1] }[ṛ],AryAH,,,AryAH,0
29,5,deep_sky_back,2,1,āryāḥ,ārya,,nom. pl. f.,5,5,{ pfp. [1] }[ṛ],AryAH,,,AryAH,0
30,5,deep_sky_back,2,1,āryāḥ,ārya,,nom. pl. m.,5,5,{ pfp. [1] }[ṛ],AryAH,,,AryAH,0
31,6,lawngreen_back,2,1,aryāḥ,arya,,voc. pl. f.,5,5,{ pfp. [1] }[ṛ],aryAH,,,aryAH,0
32,6,lawngreen_back,2,1,aryāḥ,arya,,voc. pl. m.,5,5,{ pfp. [1] }[ṛ],aryAH,,,aryAH,0
33,7,lawngreen_back,2,1,āryāḥ,ārya,,voc. pl. f.,5,5,{ pfp. [1] }[ṛ],AryAH,,,AryAH,0
34,7,lawngreen_back,2,1,āryāḥ,ārya,,voc. pl. m.,5,5,{ pfp. [1] }[ṛ],AryAH,,,AryAH,0
35,8,deep_sky_back,2,1,aryāḥ,ari,,g. sg. f.,5,5,,aryAH,,,aryAH,0
36,8,deep_sky_back,2,1,aryāḥ,ari,,abl. sg. f.,5,5,,aryAH,,,aryAH,0
