id,level,color_class,position,chunk_no,word,lemma,pre_verb,morph,colspan,wordlenth,aux_inf,word_slp1,sandhi_indexs,sandhi_words,word_wx,wordorder
0,1,deep_sky_back,0,1,parvate,parvata,,loc. sg. m.,7,7,,parvate,,,parvawe,1
1,1,deep_sky_back,8,2,śītalāḥ,śītalā,,acc. pl. f.,7,7,,SItalAH,,,SIwalAH,2
2,1,deep_sky_back,8,2,śītalāḥ,śītalā,,nom. pl. f.,7,7,,SItalAH,,,SIwalAH,2
3,1,deep_sky_back,8,2,śītalāḥ,śītala,,nom. pl. m.,7,7,,SItalAH,,,SIwalAH,2
4,1,deep_sky_back,8,2,śītalāḥ,śītala,,acc. pl. f.,7,7,,SItalAH,,,SIwalAH,2
5,1,deep_sky_back,8,2,śītalāḥ,śītala,,nom. pl. f.,7,7,,SItalAH,,,SIwalAH,2
6,1,deep_sky_back,16,3,samīrāḥ,samīra,,nom. pl. m.,7,7,,samIrAH,,,samIrAH,3
7,1,carmin_back,24,4,vahanti,vah,,pr. [1] ac. pl. 3,7,7, sence of lemma = 1,vahanti,,,vahanwi,4
17,2,lawngreen_back,8,2,śītalāḥ,śītalā,,voc. pl. f.,7,7,,SItalAH,,,SIwalAH,2
18,2,lawngreen_back,8,2,śītalāḥ,śītala,,voc. pl. m.,7,7,,SItalAH,,,SIwalAH,2
19,2,lawngreen_back,8,2,śītalāḥ,śītala,,voc. pl. f.,7,7,,SItalAH,,,SIwalAH,2
20,2,lawngreen_back,16,3,samīrāḥ,samīra,,voc. pl. m.,7,7,,samIrAH,,,samIrAH,3
21,2,deep_sky_back,24,4,vahanti,vahat,,acc. pl. n.,7,7,{ ppr. [1] ac. }[vah_1],vahanti,,,vahanwi,4
22,2,deep_sky_back,24,4,vahanti,vahat,,nom. pl. n.,7,7,{ ppr. [1] ac. }[vah_1],vahanti,,,vahanwi,4
27,3,lawngreen_back,24,4,vahanti,vahat,,voc. sg. f.,7,7,{ ppr. [1] ac. }[vah_1],vahanti,,,vahanwi,4
28,3,lawngreen_back,24,4,vahanti,vahat,,voc. pl. n.,7,7,{ ppr. [1] ac. }[vah_1],vahanti,,,vahanwi,4
