id,level,color_class,position,chunk_no,word,lemma,pre_verb,morph,colspan,wordlenth,aux_inf,word_slp1,sandhi_indexs,sandhi_words,word_wx,wordorder
0,1,deep_sky_back,0,1,jarāyām,jarā,,loc. sg. f.,7,7,,jarAyAm,,,jarAyAm,1
1,1,deep_sky_back,0,1,jarāyām,jara,,loc. sg. f.,7,7,,jarAyAm,,,jarAyAm,1
2,1,mauve_back,8,2,api,api,,conj.,3,3,,api,,,api,2
3,1,mauve_back,8,2,api,api,,prep.,3,3,,api,,,api,2
4,1,deep_sky_back,12,3,mānavānām,mānava,,g. pl. m.,9,9,,mAnavAnAm,,,mAnavAnAm,3
5,1,deep_sky_back,12,3,mānavānām,mānava,,g. pl. n.,9,9,,mAnavAnAm,,,mAnavAnAm,3
6,1,deep_sky_back,22,4,tṛṣṇāḥ,tṛṣṇā,,acc. pl. f.,6,6,,tfzRAH,,,wqRNAH,0
7,1,deep_sky_back,22,4,tṛṣṇāḥ,tṛṣṇā,,nom. pl. f.,6,6,,tfzRAH,,,wqRNAH,0
8,1,mauve_back,28,4,na,na,,part.,2,2,,na,,,na,5
9,1,carmin_back,31,5,śāmyati,śam,,pr. [4] ac. sg. 3,7,7, sence of lemma = 1,SAmyati,,,SAmyawi,6
10,2,yellow_back,0,1,jara,jara,,iic.,4,4,,jara,"27, 33, 37, ","ayām(ayAm), āyām(AyAm), ayām(ayAm), ",jara,0
11,2,cyan_back,4,1,yām,ya,,acc. sg. f.,3,3, sence of lemma = 2,yAm,,,yAm,0
12,2,yellow_back,12,3,mānava,mānava,,iic.,6,6,,mAnava,"39, ","ānām(AnAm), ",mAnava,0
13,2,deep_sky_back,22,4,tṛṣṇā,tṛṣṇā,,nom. sg. f.,5,5,,tfzRA,,,wqRNA,4
14,2,deep_sky_back,31,5,śāmyati,śāmyat,,loc. sg. n.,7,7,{ ppr. [4] ac. }[śam_1],SAmyati,,,SAmyawi,6
15,2,deep_sky_back,31,5,śāmyati,śāmyat,,loc. sg. m.,7,7,{ ppr. [4] ac. }[śam_1],SAmyati,,,SAmyawi,6
16,3,yellow_back,0,1,jarā,jarā,,iic.,4,4,,jarA,"27, 33, 37, ","ayām(ayAm), āyām(AyAm), ayām(ayAm), ",jarA,0
17,3,light_blue_back,4,1,yām,yad,,acc. sg. f.,3,3,,yAm,,,yAm,0
18,3,yellow_back,12,3,māna,māna,,iic.,4,4, sence of lemma = 2,mAna,,,mAna,0
19,3,cyan_back,16,3,vānām,vāna,,acc. sg. f.,5,5, sence of lemma = 2,vAnAm,,,vAnAm,0
20,4,deep_sky_back,0,1,jarā,jarā,,nom. sg. f.,4,4,,jarA,"27, 33, 37, ","ayām(ayAm), āyām(AyAm), ayām(ayAm), ",jarA,0
21,4,deep_sky_back,0,1,jarā,jara,,nom. sg. f.,4,4,,jarA,"27, 33, 37, ","ayām(ayAm), āyām(AyAm), ayām(ayAm), ",jarA,0
22,4,yellow_back,12,3,māna,māna,,iic.,4,4,{ pp. }[man] sence of lemma = 1,mAna,,,mAna,0
23,4,mauve_back,16,3,vā,vā,,conj.,2,2, sence of lemma = 1,vA,"39, ","ānām(AnAm), ",vA,0
24,5,carmin_back,0,1,jara,jṝ,,imp. [1] ac. sg. 2,4,4,,jara,"27, 33, 37, ","ayām(ayAm), āyām(AyAm), ayām(ayAm), ",jara,0
25,5,deep_sky_back,12,3,mān,māt,,nom. sg. m.,3,3,{ ppr. [2] ac. }[mā_1],mAn,,,mAn,0
26,5,carmin_back,15,3,ava,av,,imp. [1] ac. sg. 2,3,3,,ava,"39, ","ānām(AnAm), ",ava,0
27,6,cyan_back,3,1,ayām,aya,,acc. sg. f.,4,4,,ayAm,,,ayAm,0
28,6,mauve_back,12,3,mā,mā,,part.,2,2, sence of lemma = 2,mA,"38, 40, 41, 42, 43, ","āna(Ana), āna(Ana), āna(Ana), āna(Ana), a(a), ",mA,0
29,6,deep_sky_back,14,3,navānām,navan,,g. pl. *,7,7,,navAnAm,,,navAnAm,0
30,6,deep_sky_back,14,3,navānām,nava,,g. pl. m.,7,7, sence of lemma = 1,navAnAm,,,navAnAm,0
31,6,deep_sky_back,14,3,navānām,nava,,g. pl. n.,7,7, sence of lemma = 1,navAnAm,,,navAnAm,0
32,6,deep_sky_back,14,3,navānām,nava,,g. pl. f.,7,7, sence of lemma = 1,navAnAm,,,navAnAm,0
33,7,carmin_back,3,1,āyām,yā,ā,impft. [2] ac. sg. 1,4,4, sence of lemma = 1,AyAm,,,AyAm,0
34,7,light_blue_back,12,3,mā,asmad,,acc. sg. *,2,2,,mA,"38, 40, 41, 42, 43, ","āna(Ana), āna(Ana), āna(Ana), āna(Ana), a(a), ",mA,0
35,7,yellow_back,14,3,nava,navan,,iic.,4,4,,nava,"39, ","ānām(AnAm), ",nava,0
36,7,yellow_back,14,3,nava,nava,,iic.,4,4, sence of lemma = 1,nava,"39, ","ānām(AnAm), ",nava,0
37,8,carmin_back,3,1,ayām,yā,,impft. [2] ac. sg. 1,4,4, sence of lemma = 1,ayAm,,,ayAm,0
38,8,yellow_back,13,3,āna,āna,,iic.,3,3,,Ana,,,Ana,0
39,8,deep_sky_back,17,3,ānām,āna,,acc. sg. f.,4,4,,AnAm,,,AnAm,0
40,9,carmin_back,13,3,āna,an,,pft. ac. pl. 2,3,3, sence of lemma = 2,Ana,,,Ana,0
41,9,carmin_back,13,3,āna,an,,pft. ac. sg. 3,3,3, sence of lemma = 2,Ana,,,Ana,0
42,9,carmin_back,13,3,āna,an,,pft. ac. sg. 1,3,3, sence of lemma = 2,Ana,,,Ana,0
43,10,yellow_back,13,3,a,a,,iic.,1,1,,a,,,a,0
44,10,deep_sky_back,14,3,nava,navan,,acc. pl. *,4,4,,nava,"39, ","ānām(AnAm), ",nava,0
45,10,deep_sky_back,14,3,nava,navan,,nom. pl. *,4,4,,nava,"39, ","ānām(AnAm), ",nava,0
46,11,deep_sky_back,14,3,navā,nava,,nom. sg. f.,4,4, sence of lemma = 1,navA,"39, ","ānām(AnAm), ",navA,0
47,12,mauve_back,14,3,na,na,,part.,2,2,,na,,,na,5
