id,level,color_class,position,chunk_no,word,lemma,pre_verb,morph,colspan,wordlenth,aux_inf,word_slp1,sandhi_indexs,sandhi_words,word_wx,wordorder
0,1,deep_sky_back,0,1,bhīmena,bhīma,,i. sg. m.,6,7,,BImena,,,BImena,1
1,1,deep_sky_back,0,1,bhīmena,bhīma,,i. sg. n.,6,7,,BImena,,,BImena,1
2,1,deep_sky_back,7,2,vakṣasi,vakṣas,,loc. sg. n.,7,7,,vakzasi,,,vakRasi,2
3,1,deep_sky_back,7,2,vakṣasi,vakṣas,,loc. sg. m.,7,7,,vakzasi,,,vakRasi,2
4,1,deep_sky_back,15,3,tāḍitaḥ,tāḍita,,nom. sg. m.,7,7,{ ca. pp. }[taḍ],tAqitaH,,,wAdiwaH,3
5,1,deep_sky_back,23,4,kīcakaḥ,kīcaka,,nom. sg. m.,7,7,,kIcakaH,,,kIcakaH,4
6,1,carmin_back,31,5,amuhyat,muh,,impft. [4] ac. sg. 3,7,7,,amuhyat,,,amuhyaw,5
