id,level,color_class,position,chunk_no,word,lemma,pre_verb,morph,colspan,wordlenth,aux_inf,word_slp1,sandhi_indexs,sandhi_words,word_wx,wordorder
0,1,deep_sky_back,0,1,puṇyena,puṇya,,i. sg. m.,7,7,,puRyena,,,puNyena,1
1,1,deep_sky_back,0,1,puṇyena,puṇya,,i. sg. n.,7,7,,puRyena,,,puNyena,1
2,1,deep_sky_back,8,2,harim,hari,,acc. sg. m.,5,5, sence of lemma = 1,harim,,,harim,2
3,1,deep_sky_back,8,2,harim,hari,,acc. sg. f.,5,5, sence of lemma = 1,harim,,,harim,2
4,1,deep_sky_back,8,2,harim,hari,,acc. sg. m.,5,5, sence of lemma = 2,harim,,,harim,2
5,1,deep_sky_back,8,2,harim,hari,,acc. sg. f.,5,5, sence of lemma = 2,harim,,,harim,2
6,1,carmin_back,14,3,paśyati,paś,,pr. [4] ac. sg. 3,7,7,,paSyati,,,paSyawi,3
9,2,deep_sky_back,14,3,paśyati,paśyat,,loc. sg. n.,7,7,{ ppr. [4] ac. }[paś],paSyati,,,paSyawi,3
10,2,deep_sky_back,14,3,paśyati,paśyat,,loc. sg. m.,7,7,{ ppr. [4] ac. }[paś],paSyati,,,paSyawi,3
