id,level,color_class,position,chunk_no,word,lemma,pre_verb,morph,colspan,wordlenth,aux_inf,word_slp1,sandhi_indexs,sandhi_words,word_wx,wordorder
7,1,deep_sky_back,10,2,munīnām,muni,,g. pl. m.,7,7,,munInAm,,,munInAm,2
8,1,deep_sky_back,10,2,munīnām,muni,,g. pl. f.,7,7,,munInAm,,,munInAm,2
9,1,deep_sky_back,18,3,āśramaḥ,āśrama,,nom. sg. m.,7,7,,ASramaH,,,ASramaH,3
10,1,carmin_back,26,4,asti,as,,pr. [2] ac. sg. 3,4,4, sence of lemma = 1,asti,,,aswi,4
22,1,compound,0,1,citrakūṭe,"citra,kūṭa",,loc. sg. m.,9,9,,citrakUwe,,,ciwrakUte,1
23,1,compound,0,1,citrakūṭe,"citra,kūṭa",,acc. du. n.,9,9,,citrakUwe,,,ciwrakUte,1
24,1,compound,0,1,citrakūṭe,"citra,kūṭa",,nom. du. n.,9,9,,citrakUwe,,,ciwrakUte,1
25,1,compound,0,1,citrakūṭe,"citra,kūṭa",,loc. sg. n.,9,9,,citrakUwe,,,ciwrakUte,1
26,1,compound,0,1,citrakūṭe,"citra,kūṭa",,acc. du. f.,9,9,,citrakUwe,,,ciwrakUte,1
27,1,compound,0,1,citrakūṭe,"citra,kūṭa",,nom. du. f.,9,9,,citrakUwe,,,ciwrakUte,1
28,1,compound,0,1,citrakūṭe,"citra,kūṭa",,voc. du. n.,9,9,,citrakUwe,,,ciwrakUte,1
29,1,compound,0,1,citrakūṭe,"citra,kūṭa",,voc. du. f.,9,9,,citrakUwe,,,ciwrakUte,1
30,1,compound,0,1,citrakūṭe,"citra,kūṭa",,voc. sg. f.,9,9,,citrakUwe,,,ciwrakUte,1
