aux_inf,chunk_no,color_class,colspan,combinationword,endposition,id,lemma,level,morph,position,pre_verb,sandhi_indexs,sandhi_words,word,word_slp1,word_wx,wordlenth,wordorder
,1,yellow_back,5,ciwrakUte,5.0,0,citra,1,iic.,0,,,,citra,citra,ciwra,5,1
,1,deep_sky_back,4,ciwrakUte,9.0,1,kūṭa,1,loc. sg. m.,5,,,,kūṭe,kUwe,kUte,4,1
,1,deep_sky_back,4,ciwrakUte,9.0,2,kūṭa,1,acc. du. n.,5,,,,kūṭe,kUwe,kUte,4,1
,1,deep_sky_back,4,ciwrakUte,9.0,3,kūṭa,1,nom. du. n.,5,,,,kūṭe,kUwe,kUte,4,1
,1,deep_sky_back,4,ciwrakUte,9.0,4,kūṭa,1,loc. sg. n.,5,,,,kūṭe,kUwe,kUte,4,1
,1,deep_sky_back,4,ciwrakUte,9.0,5,kūṭa,1,acc. du. f.,5,,,,kūṭe,kUwe,kUte,4,1
,1,deep_sky_back,4,ciwrakUte,9.0,6,kūṭa,1,nom. du. f.,5,,,,kūṭe,kUwe,kUte,4,1
,1,lawngreen_back,4,ciwrakUte,9.0,11,kūṭa,2,voc. du. n.,5,,,,kūṭe,kUwe,kUte,4,1
,1,lawngreen_back,4,ciwrakUte,9.0,12,kūṭa,2,voc. du. f.,5,,,,kūṭe,kUwe,kUte,4,1
,1,lawngreen_back,4,ciwrakUte,9.0,13,kūṭa,2,voc. sg. f.,5,,,,kūṭe,kUwe,kUte,4,1
