id,level,color_class,position,chunk_no,word,lemma,pre_verb,morph,colspan,wordlenth,aux_inf,word_slp1,sandhi_indexs,sandhi_words,word_wx,wordorder
0,1,deep_sky_back,0,1,gotreṇa,gotra,,i. sg. n.,7,7,,gotreRa,,,gowreNa,1
1,1,deep_sky_back,8,2,kauśikaḥ,kauśika,,nom. sg. m.,7,8, sence of lemma = 1,kOSikaH,,,kOSikaH,2
2,1,deep_sky_back,8,2,kauśikaḥ,kauśika,,nom. sg. m.,7,8, sence of lemma = 2,kOSikaH,,,kOSikaH,2
3,1,deep_sky_back,8,2,kauśikaḥ,kauśika,,nom. sg. m.,7,8, sence of lemma = 3,kOSikaH,,,kOSikaH,2
4,1,carmin_back,16,3,asmi,as,,pr. [2] ac. sg. 1,4,4, sence of lemma = 1,asmi,,,asmi,3
