id,level,color_class,position,chunk_no,word,lemma,pre_verb,morph,colspan,wordlenth,aux_inf,word_slp1,sandhi_indexs,sandhi_words,word_wx,wordorder
4,1,deep_sky_back,8,2,yatīnām,yati,,g. pl. m.,7,7, sence of lemma = 2,yatInAm,,,yawInAm,2
5,1,deep_sky_back,8,2,yatīnām,yati,,g. pl. f.,7,7, sence of lemma = 3,yatInAm,,,yawInAm,2
6,1,deep_sky_back,16,3,cittam,citta,,acc. sg. n.,6,6,{ pp. }[cit_1],cittam,,,ciwwam,3
7,1,deep_sky_back,16,3,cittam,citta,,nom. sg. n.,6,6,{ pp. }[cit_1],cittam,,,ciwwam,3
8,1,deep_sky_back,16,3,cittam,citta,,acc. sg. m.,6,6,{ pp. }[cit_1],cittam,,,ciwwam,3
9,1,carmin_back,23,4,asti,as,,pr. [2] ac. sg. 3,4,4, sence of lemma = 1,asti,,,aswi,4
14,2,deep_sky_back,8,2,yatīnām,yat,,g. pl. f.,7,7,{ ppr. [2] ac. }[i] sence of lemma = 2,yatInAm,,,yawInAm,2
38,1,compound,0,1,dhūrjaṭau,"dhur,jaṭa",,acc. du. m.,7,9,,DUrjawO,,,XUrjatO,1
39,1,compound,0,1,dhūrjaṭau,"dhur,jaṭa",,nom. du. m.,7,9,,DUrjawO,,,XUrjatO,1
40,1,compound,0,1,dhūrjaṭau,"dhur,jaṭi",,loc. sg. f.,7,9,,DUrjawO,,,XUrjatO,1
41,1,compound,0,1,dhūrjaṭau,"dhur,jaṭā",,acc. du. m.,7,9,,DUrjawO,,,XUrjatO,1
42,1,compound,0,1,dhūrjaṭau,"dhur,jaṭā",,nom. du. m.,7,9,,DUrjawO,,,XUrjatO,1
43,1,compound,0,1,dhūrjaṭau,"dhur,jaṭi",,loc. sg. m.,7,9,,DUrjawO,,,XUrjatO,1
44,1,compound,0,1,dhūrjaṭau,"dhur,jaṭa",,voc. du. m.,7,9,,DUrjawO,,,XUrjatO,1
