aux_inf,chunk_no,color_class,colspan,combinationword,endposition,id,lemma,level,morph,position,pre_verb,sandhi_indexs,sandhi_words,word,word_slp1,word_wx,wordlenth,wordorder
,1,yellow_back,3,XUrjatO,3.0,0,dhur,1,iic.,0,,,,dhūḥ,DUH,XUH,4,1
,1,deep_sky_back,4,XUrjatO,7.0,1,jaṭa,1,acc. du. m.,3,,,,jaṭau,jawO,jatO,5,1
,1,deep_sky_back,4,XUrjatO,7.0,2,jaṭa,1,nom. du. m.,3,,,,jaṭau,jawO,jatO,5,1
,1,deep_sky_back,4,XUrjatO,7.0,3,jaṭi,1,loc. sg. f.,3,,,,jaṭau,jawO,jatO,5,1
,1,deep_sky_back,3,XUrjatO,3.0,10,dhur,2,nom. sg. f.,0,,,,dhūḥ,DUH,XUH,4,1
,1,cyan_back,4,XUrjatO,7.0,11,jaṭā,2,acc. du. m.,3,,,,jaṭau,jawO,jatO,5,1
,1,cyan_back,4,XUrjatO,7.0,12,jaṭā,2,nom. du. m.,3,,,,jaṭau,jawO,jatO,5,1
,1,cyan_back,4,XUrjatO,7.0,13,jaṭi,2,loc. sg. m.,3,,,,jaṭau,jawO,jatO,5,1
,1,lawngreen_back,4,XUrjatO,7.0,17,jaṭa,3,voc. du. m.,3,,,,jaṭau,jawO,jatO,5,1
