id,level,color_class,position,chunk_no,word,lemma,pre_verb,morph,colspan,wordlenth,aux_inf,word_slp1,sandhi_indexs,sandhi_words,word_wx,wordorder
0,1,deep_sky_back,0,1,gireḥ,giri,,g. sg. m.,5,5,,gireH,,,gireH,1
1,1,deep_sky_back,0,1,gireḥ,giri,,abl. sg. m.,5,5,,gireH,,,gireH,1
2,1,deep_sky_back,6,2,śikharāt,śikhara,,abl. sg. m.,7,8,,SiKarAt,,,SiKarAw,2
3,1,deep_sky_back,6,2,śikharāt,śikhara,,abl. sg. n.,7,8,,SiKarAt,,,SiKarAw,2
4,1,deep_sky_back,14,3,vṛṣaḥ,vṛṣa,,nom. sg. m.,5,5,,vfzaH,,,vqRaH,3
5,1,carmin_back,20,4,patati,pat,,pr. [1] ac. sg. 3,6,6, sence of lemma = 1,patati,,,pawawi,4
6,2,carmin_back,0,1,gireḥ,gṝ,,opt. [6] ac. sg. 2,5,5, sence of lemma = 1,gireH,,,gireH,1
8,2,deep_sky_back,20,4,patati,patat,,loc. sg. n.,6,6,{ ppr. [1] ac. }[pat_1],patati,,,pawawi,4
9,2,deep_sky_back,20,4,patati,patat,,loc. sg. m.,6,6,{ ppr. [1] ac. }[pat_1],patati,,,pawawi,4
