id,level,color_class,position,chunk_no,word,lemma,pre_verb,morph,colspan,wordlenth,aux_inf,word_slp1,sandhi_indexs,sandhi_words,word_wx,wordorder
0,1,deep_sky_back,0,1,gajānām,gaja,,g. pl. m.,7,7,,gajAnAm,,,gajAnAm,1
1,1,deep_sky_back,8,2,yūtham,yūtha,,acc. sg. m.,5,6,,yUTam,,,yUWam,2
2,1,deep_sky_back,8,2,yūtham,yūtha,,acc. sg. n.,5,6,,yUTam,,,yUWam,2
3,1,deep_sky_back,8,2,yūtham,yūtha,,nom. sg. n.,5,6,,yUTam,,,yUWam,2
4,1,carmin_back,14,3,carati,car,,pr. [1] ac. sg. 3,6,6,,carati,,,carawi,3
6,2,deep_sky_back,14,3,carati,carat,,loc. sg. n.,6,6,{ ppr. [1] ac. }[car],carati,,,carawi,3
7,2,deep_sky_back,14,3,carati,carat,,loc. sg. m.,6,6,{ ppr. [1] ac. }[car],carati,,,carawi,3
