id,level,color_class,position,chunk_no,word,lemma,pre_verb,morph,colspan,wordlenth,aux_inf,word_slp1,sandhi_indexs,sandhi_words,word_wx,wordorder
0,1,deep_sky_back,0,1,kusumānām,kusuma,,g. pl. n.,9,9,,kusumAnAm,,,kusumAnAm,1
1,1,deep_sky_back,10,2,sugandhaḥ,sugandha,,nom. sg. m.,8,9,,suganDaH,,,suganXaH,2
2,1,mauve_back,19,3,sarvatra,sarvatra,,adv.,8,8,,sarvatra,,,sarvawra,3
3,1,carmin_back,28,4,prasarati,sṛ,pra,pr. [1] ac. sg. 3,9,9,,prasarati,,,prasarawi,4
4,2,yellow_back,0,1,kusuma,kusuma,,iic.,6,6,,kusuma,"7, ","ānām(AnAm), ",kusuma,0
5,2,deep_sky_back,28,4,prasarati,sarat,pra,loc. sg. n.,9,9,{ ppr. [1] ac. }[pra-sṛ],prasarati,,,prasarawi,4
6,2,deep_sky_back,28,4,prasarati,sarat,pra,loc. sg. m.,9,9,{ ppr. [1] ac. }[pra-sṛ],prasarati,,,prasarawi,4
7,3,deep_sky_back,5,1,ānām,āna,,acc. sg. f.,4,4,,AnAm,,,AnAm,0
