id,level,color_class,position,chunk_no,word,lemma,pre_verb,morph,colspan,wordlenth,aux_inf,word_slp1,sandhi_indexs,sandhi_words,word_wx,wordorder
0,1,deep_sky_back,0,1,budhāḥ,budha,,nom. pl. m.,5,6,,buDAH,,,buXAH,1
1,1,deep_sky_back,0,1,budhāḥ,budha,,acc. pl. f.,5,6,,buDAH,,,buXAH,1
2,1,deep_sky_back,0,1,budhāḥ,budha,,nom. pl. f.,5,6,,buDAH,,,buXAH,1
3,1,deep_sky_back,6,2,sukhena,sukha,,i. sg. m.,6,7,,suKena,,,suKena,2
4,1,deep_sky_back,6,2,sukhena,sukha,,i. sg. n.,6,7,,suKena,,,suKena,2
5,1,carmin_back,13,3,jīvanti,jīv,,pr. [1] ac. pl. 3,7,7,,jIvanti,,,jIvanwi,3
6,2,lawngreen_back,0,1,budhāḥ,budha,,voc. pl. m.,5,6,,buDAH,,,buXAH,1
7,2,lawngreen_back,0,1,budhāḥ,budha,,voc. pl. f.,5,6,,buDAH,,,buXAH,1
10,2,deep_sky_back,13,3,jīvanti,jīvat,,acc. pl. n.,7,7,{ ppr. [1] ac. }[jīv],jIvanti,,,jIvanwi,3
11,2,deep_sky_back,13,3,jīvanti,jīvat,,nom. pl. n.,7,7,{ ppr. [1] ac. }[jīv],jIvanti,,,jIvanwi,3
13,3,lawngreen_back,13,3,jīvanti,jīvat,,voc. sg. f.,7,7,{ ppr. [1] ac. }[jīv],jIvanti,,,jIvanwi,3
14,3,lawngreen_back,13,3,jīvanti,jīvat,,voc. pl. n.,7,7,{ ppr. [1] ac. }[jīv],jIvanti,,,jIvanwi,3
