id,level,color_class,position,chunk_no,word,lemma,pre_verb,morph,colspan,wordlenth,aux_inf,word_slp1,sandhi_indexs,sandhi_words,word_wx,wordorder
0,1,yellow_back,0,1,dhūḥ,dhur,,iic.,3,4,,DUH,,,XUH,0
1,1,deep_sky_back,3,1,jaṭau,jaṭa,,acc. du. m.,4,5,,jawO,,,jatO,0
2,1,deep_sky_back,3,1,jaṭau,jaṭa,,nom. du. m.,4,5,,jawO,,,jatO,0
3,1,deep_sky_back,3,1,jaṭau,jaṭi,,loc. sg. f.,4,5,,jawO,,,jatO,0
4,1,deep_sky_back,8,2,yatīnām,yati,,g. pl. m.,7,7, sence of lemma = 2,yatInAm,,,yawInAm,2
5,1,deep_sky_back,8,2,yatīnām,yati,,g. pl. f.,7,7, sence of lemma = 3,yatInAm,,,yawInAm,2
6,1,deep_sky_back,16,3,cittam,citta,,acc. sg. n.,6,6,{ pp. }[cit_1],cittam,,,ciwwam,3
7,1,deep_sky_back,16,3,cittam,citta,,nom. sg. n.,6,6,{ pp. }[cit_1],cittam,,,ciwwam,3
8,1,deep_sky_back,16,3,cittam,citta,,acc. sg. m.,6,6,{ pp. }[cit_1],cittam,,,ciwwam,3
9,1,carmin_back,23,4,asti,as,,pr. [2] ac. sg. 3,4,4, sence of lemma = 1,asti,,,aswi,4
10,2,deep_sky_back,0,1,dhūḥ,dhur,,nom. sg. f.,3,4,,DUH,,,XUH,0
11,2,cyan_back,3,1,jaṭau,jaṭā,,acc. du. m.,4,5,,jawO,,,jatO,0
12,2,cyan_back,3,1,jaṭau,jaṭā,,nom. du. m.,4,5,,jawO,,,jatO,0
13,2,cyan_back,3,1,jaṭau,jaṭi,,loc. sg. m.,4,5,,jawO,,,jatO,0
14,2,deep_sky_back,8,2,yatīnām,yat,,g. pl. f.,7,7,{ ppr. [2] ac. }[i] sence of lemma = 2,yatInAm,,,yawInAm,2
15,2,mauve_back,16,3,cit,cid,,part.,3,3, sence of lemma = 1,cit,,,ciw,0
16,2,light_blue_back,19,3,tam,tad,,acc. sg. m.,3,3,,tam,,,wam,0
17,3,lawngreen_back,3,1,jaṭau,jaṭa,,voc. du. m.,4,5,,jawO,,,jatO,0
18,3,mauve_back,8,2,yati,yati,,conj.,4,4, sence of lemma = 1,yati,"37, ","inām(inAm), ",yawi,0
19,3,deep_sky_back,16,3,cit,cit,,nom. sg. m.,3,3, sence of lemma = 2,cit,,,ciw,0
20,3,deep_sky_back,16,3,cit,cit,,acc. sg. n.,3,3, sence of lemma = 2,cit,,,ciw,0
21,3,deep_sky_back,16,3,cit,cit,,nom. sg. n.,3,3, sence of lemma = 2,cit,,,ciw,0
22,3,deep_sky_back,16,3,cit,cit,,nom. sg. f.,3,3, sence of lemma = 2,cit,,,ciw,0
23,4,yellow_back,8,2,yati,yati,,iic.,4,4, sence of lemma = 2,yati,"37, ","inām(inAm), ",yawi,0
24,4,yellow_back,8,2,yati,yati,,iic.,4,4, sence of lemma = 3,yati,"37, ","inām(inAm), ",yawi,0
25,5,yellow_back,8,2,yatī,yati,,iic.,4,4, sence of lemma = 3,yatI,"37, ","inām(inAm), ",yawI,0
26,6,deep_sky_back,8,2,yatī,yati,,acc. du. m.,4,4, sence of lemma = 2,yatI,"37, ","inām(inAm), ",yawI,0
27,6,deep_sky_back,8,2,yatī,yati,,nom. du. m.,4,4, sence of lemma = 2,yatI,"37, ","inām(inAm), ",yawI,0
28,6,deep_sky_back,8,2,yatī,yati,,acc. du. f.,4,4, sence of lemma = 3,yatI,"37, ","inām(inAm), ",yawI,0
29,6,deep_sky_back,8,2,yatī,yati,,nom. du. f.,4,4, sence of lemma = 3,yatI,"37, ","inām(inAm), ",yawI,0
30,6,deep_sky_back,8,2,yatī,yati,,nom. sg. f.,4,4, sence of lemma = 3,yatI,"37, ","inām(inAm), ",yawI,0
31,7,deep_sky_back,8,2,yati,yat,,loc. sg. n.,4,4,{ ppr. [2] ac. }[i] sence of lemma = 2,yati,"37, ","inām(inAm), ",yawi,0
32,7,deep_sky_back,8,2,yati,yat,,loc. sg. m.,4,4,{ ppr. [2] ac. }[i] sence of lemma = 2,yati,"37, ","inām(inAm), ",yawi,0
33,8,deep_sky_back,8,2,yatī,yat,,nom. sg. f.,4,4,{ ppr. [2] ac. }[i] sence of lemma = 2,yatI,"37, ","inām(inAm), ",yawI,0
34,8,deep_sky_back,8,2,yatī,yat,,acc. du. n.,4,4,{ ppr. [2] ac. }[i] sence of lemma = 2,yatI,"37, ","inām(inAm), ",yawI,0
35,8,deep_sky_back,8,2,yatī,yat,,nom. du. n.,4,4,{ ppr. [2] ac. }[i] sence of lemma = 2,yatI,"37, ","inām(inAm), ",yawI,0
36,9,yellow_back,8,2,yatī,yat,,iic.,4,4,{ ppr. [2] ac. }[i] sence of lemma = 2,yatI,"37, ","inām(inAm), ",yawI,0
37,10,deep_sky_back,11,2,inām,ina,,acc. sg. f.,4,4,,inAm,,,inAm,0
