id,level,color_class,position,chunk_no,word,lemma,pre_verb,morph,colspan,wordlenth,aux_inf,word_slp1,sandhi_indexs,sandhi_words,word_wx,wordorder
0,1,deep_sky_back,0,1,vṛkṣeṣu,vṛkṣa,,loc. pl. m.,7,7,,vfkzezu,,,vqkReRu,1
1,1,deep_sky_back,8,2,khagāḥ,khaga,,nom. pl. m.,5,6,,KagAH,,,KagAH,2
2,1,deep_sky_back,8,2,khagāḥ,khaga,,acc. pl. f.,5,6,,KagAH,,,KagAH,2
3,1,deep_sky_back,8,2,khagāḥ,khaga,,nom. pl. f.,5,6,,KagAH,,,KagAH,2
4,1,carmin_back,14,3,vasanti,vas,,pr. [1] ac. pl. 3,7,7, sence of lemma = 1,vasanti,,,vasanwi,3
6,2,lawngreen_back,8,2,khagāḥ,khaga,,voc. pl. m.,5,6,,KagAH,,,KagAH,2
7,2,lawngreen_back,8,2,khagāḥ,khaga,,voc. pl. f.,5,6,,KagAH,,,KagAH,2
8,2,deep_sky_back,14,3,vasanti,vasat,,acc. pl. n.,7,7,{ ppr. [1] ac. }[vas_1],vasanti,,,vasanwi,3
9,2,deep_sky_back,14,3,vasanti,vasat,,nom. pl. n.,7,7,{ ppr. [1] ac. }[vas_1],vasanti,,,vasanwi,3
15,3,lawngreen_back,14,3,vasanti,vasat,,voc. sg. f.,7,7,{ ppr. [1] ac. }[vas_1],vasanti,,,vasanwi,3
16,3,lawngreen_back,14,3,vasanti,vasat,,voc. pl. n.,7,7,{ ppr. [1] ac. }[vas_1],vasanti,,,vasanwi,3
