id,level,color_class,position,chunk_no,word,lemma,pre_verb,morph,colspan,wordlenth,aux_inf,word_slp1,sandhi_indexs,sandhi_words,word_wx,wordorder
0,1,light_blue_back,0,1,tava,yuṣmad,,g. sg. *,4,4,,tava,,,wava,1
1,1,deep_sky_back,5,2,parākramam,parākrama,,acc. sg. m.,10,10,,parAkramam,,,parAkramam,2
2,1,deep_sky_back,16,3,abhijñāya,abhijña,,dat. sg. m.,8,9,,aBijYAya,,,aBijFAya,3
3,1,deep_sky_back,16,3,abhijñāya,abhijña,,dat. sg. n.,8,9,,aBijYAya,,,aBijFAya,3
4,1,light_blue_back,25,4,tvām,yuṣmad,,acc. sg. *,4,4,,tvAm,,,wvAm,4
5,1,mauve_back,30,5,aṅga,aṅga,,part.,4,4, sence of lemma = 2,aNga,,,afga,0
6,1,carmin_back,34,5,rājye,rāj,,pr. ps. sg. 1,5,5, sence of lemma = 1,rAjye,,,rAjye,0
7,1,carmin_back,34,5,rājye,rāj,,ca. pr. ps. sg. 1,5,5, sence of lemma = 1,rAjye,,,rAjye,0
8,1,mauve_back,40,6,abhiṣicya,sic,abhi,abs.,8,9,,aBizicya,,,aBiRicya,6
9,1,deep_sky_back,49,7,kauravāṇām,kaurava,,g. pl. m.,9,10,,kOravARAm,,,kOravANAm,7
10,1,deep_sky_back,49,7,kauravāṇām,kaurava,,g. pl. n.,9,10,,kOravARAm,,,kOravANAm,7
11,1,deep_sky_back,49,7,kauravāṇām,kaurava,,g. pl. f.,9,10,,kOravARAm,,,kOravANAm,7
12,1,carmin_back,59,8,puraskartā,kṛ,puras,per. fut. ac. sg. 3,10,10, sence of lemma = 1,puraskartA,"36, 37, 38, 52, 53, 54, 66, ","aram(aram), aram(aram), aram(aram), āram(Aram), āram(Aram), āram(Aram), āram(Aram), ",puraskarwA,0
13,1,deep_sky_back,73,9,sampāditavān,sampādita,,nom. sg. m.,12,12,{ pp. }[sampād]-vat,sampAditavAn,,,sampAxiwavAn,9
14,1,deep_sky_back,86,10,duryodhanaḥ,duryodhana,,nom. sg. m.,10,11,,duryoDanaH,,,xuryoXanaH,10
15,1,deep_sky_back,97,11,praśaṃsanīyaḥ,śaṃsanīya,pra,nom. sg. m.,13,13,{ ca. pfp. [2] }[pra-śaṃs],praSaMsanIyaH,,,praSaMsanIyaH,11
16,1,deep_sky_back,97,11,praśaṃsanīyaḥ,śaṃsanīya,pra,nom. sg. m.,13,13,{ pfp. [2] }[pra-śaṃs],praSaMsanIyaH,,,praSaMsanIyaH,11
17,2,carmin_back,5,2,parākramam,kram,parā,aor. [1] ac. sg. 1,10,10,,parAkramam,,,parAkramam,2
18,2,carmin_back,5,2,parākramam,kram,parā,impft. [1] ac. sg. 1,10,10,,parAkramam,,,parAkramam,2
19,2,mauve_back,16,3,abhijñāya,jñā,abhi,abs.,8,9, sence of lemma = 1,aBijYAya,,,aBijFAya,3
20,2,yellow_back,30,5,aṅga,aṅga,,iic.,4,4, sence of lemma = 1,aNga,,,afga,0
21,2,deep_sky_back,34,5,rājye,rājya,,acc. du. f.,5,5,{ pfp. [1] }[rāj_1],rAjye,,,rAjye,0
22,2,deep_sky_back,34,5,rājye,rājya,,nom. du. f.,5,5,{ pfp. [1] }[rāj_1],rAjye,,,rAjye,0
23,2,deep_sky_back,34,5,rājye,rājya,,acc. du. n.,5,5,{ pfp. [1] }[rāj_1],rAjye,,,rAjye,0
24,2,deep_sky_back,34,5,rājye,rājya,,nom. du. n.,5,5,{ pfp. [1] }[rāj_1],rAjye,,,rAjye,0
25,2,deep_sky_back,34,5,rājye,rājya,,loc. sg. n.,5,5,{ pfp. [1] }[rāj_1],rAjye,,,rAjye,0
26,2,deep_sky_back,34,5,rājye,rājya,,loc. sg. m.,5,5,{ pfp. [1] }[rāj_1],rAjye,,,rAjye,0
27,2,deep_sky_back,34,5,rājye,rājya,,acc. du. f.,5,5,{ ca. pfp. [1] }[rāj_1],rAjye,,,rAjye,0
28,2,deep_sky_back,34,5,rājye,rājya,,nom. du. f.,5,5,{ ca. pfp. [1] }[rāj_1],rAjye,,,rAjye,0
29,2,deep_sky_back,34,5,rājye,rājya,,acc. du. n.,5,5,{ ca. pfp. [1] }[rāj_1],rAjye,,,rAjye,0
30,2,deep_sky_back,34,5,rājye,rājya,,nom. du. n.,5,5,{ ca. pfp. [1] }[rāj_1],rAjye,,,rAjye,0
31,2,deep_sky_back,34,5,rājye,rājya,,loc. sg. n.,5,5,{ ca. pfp. [1] }[rāj_1],rAjye,,,rAjye,0
32,2,deep_sky_back,34,5,rājye,rājya,,loc. sg. m.,5,5,{ ca. pfp. [1] }[rāj_1],rAjye,,,rAjye,0
33,2,light_blue_back,49,7,kau,kim,,acc. du. m.,2,3,,kO,,,kO,0
34,2,light_blue_back,49,7,kau,kim,,nom. du. m.,2,3,,kO,,,kO,0
35,2,deep_sky_back,51,7,ravāṇām,rava,,g. pl. m.,7,7,,ravARAm,,,ravANAm,0
36,2,deep_sky_back,68,8,aram,ara,,acc. sg. m.,4,4,,aram,,,aram,0
37,2,deep_sky_back,68,8,aram,ara,,acc. sg. n.,4,4,,aram,,,aram,0
38,2,deep_sky_back,68,8,aram,ara,,nom. sg. n.,4,4,,aram,,,aram,0
39,2,deep_sky_back,73,9,sampāditavān,pāditavat,sam,nom. sg. m.,12,12,{ ca. ppa. }[sam-pad_1],sampAditavAn,,,sampAxiwavAn,9
40,3,yellow_back,5,2,para,para,,iic.,4,4,,para,"71, 72, 74, 75, 79, ","ākramam(Akramam), ākramam(Akramam), akramam(akramam), akramam(akramam), a(a), ",para,0
41,3,deep_sky_back,9,2,kramam,krama,,acc. sg. m.,6,6,,kramam,,,kramam,0
42,3,mauve_back,16,3,abhi,abhi,,prep.,3,4,,aBi,,,aBi,0
43,3,deep_sky_back,19,3,jñāya,jña,,dat. sg. m.,5,5,,jYAya,,,jFAya,0
44,3,deep_sky_back,19,3,jñāya,jña,,dat. sg. n.,5,5,,jYAya,,,jFAya,0
45,3,carmin_back,30,5,aṅga,aṅg,,imp. [1] ac. sg. 2,4,4,,aNga,,,afga,0
46,3,lawngreen_back,34,5,rājye,rājya,,voc. du. f.,5,5,{ pfp. [1] }[rāj_1],rAjye,,,rAjye,0
47,3,lawngreen_back,34,5,rājye,rājya,,voc. sg. f.,5,5,{ pfp. [1] }[rāj_1],rAjye,,,rAjye,0
48,3,lawngreen_back,34,5,rājye,rājya,,voc. du. n.,5,5,{ pfp. [1] }[rāj_1],rAjye,,,rAjye,0
49,3,lawngreen_back,34,5,rājye,rājya,,voc. du. f.,5,5,{ ca. pfp. [1] }[rāj_1],rAjye,,,rAjye,0
50,3,lawngreen_back,34,5,rājye,rājya,,voc. sg. f.,5,5,{ ca. pfp. [1] }[rāj_1],rAjye,,,rAjye,0
51,3,lawngreen_back,34,5,rājye,rājya,,voc. du. n.,5,5,{ ca. pfp. [1] }[rāj_1],rAjye,,,rAjye,0
52,3,deep_sky_back,68,8,āram,āra,,acc. sg. n.,4,4,,Aram,,,Aram,0
53,3,deep_sky_back,68,8,āram,āra,,nom. sg. n.,4,4,,Aram,,,Aram,0
54,3,deep_sky_back,68,8,āram,āra,,acc. sg. m.,4,4,,Aram,,,Aram,0
55,3,yellow_back,73,9,sampādita,pādita,sam,iic.,9,9,{ ca. pp. }[sam-pad_1],sampAdita,,,sampAxiwa,0
56,3,cyan_back,82,9,vān,vas,,nom. sg. m.,3,3, sence of lemma = 3,vAn,,,vAn,0
57,4,yellow_back,5,2,parā,parā,,iic.,4,4,,parA,"71, 72, 74, 75, 79, ","ākramam(Akramam), ākramam(Akramam), akramam(akramam), akramam(akramam), a(a), ",parA,0
58,4,cyan_back,9,2,kramam,krama,,acc. sg. n.,6,6,,kramam,,,kramam,0
59,4,cyan_back,9,2,kramam,krama,,nom. sg. n.,6,6,,kramam,,,kramam,0
60,4,cyan_back,34,5,rā,rā,,i. sg. m.,2,2, sence of lemma = 2,rA,"69, 73, 76, 77, 78, 80, 81, 82, 83, 84, 85, 86, 87, 88, 89, 90, 91, 92, 93, 94, ","ājye(Ajye), ājye(Ajye), ājye(Ajye), ājye(Ajye), ājye(Ajye), ajye(ajye), ajye(ajye), ājye(Ajye), ājye(Ajye), ājye(Ajye), ajye(ajye), ajye(ajye), ajye(ajye), ajye(ajye), ajye(ajye), ajye(ajye), ajye(ajye), ajye(ajye), ajye(ajye), a(a), ",rA,0
61,4,cyan_back,34,5,rā,rā,,nom. sg. f.,2,2, sence of lemma = 2,rA,"69, 73, 76, 77, 78, 80, 81, 82, 83, 84, 85, 86, 87, 88, 89, 90, 91, 92, 93, 94, ","ājye(Ajye), ājye(Ajye), ājye(Ajye), ājye(Ajye), ājye(Ajye), ajye(ajye), ajye(ajye), ājye(Ajye), ājye(Ajye), ājye(Ajye), ajye(ajye), ajye(ajye), ajye(ajye), ajye(ajye), ajye(ajye), ajye(ajye), ajye(ajye), ajye(ajye), ajye(ajye), a(a), ",rA,0
62,4,deep_sky_back,36,5,jye,jyā,,acc. du. f.,3,3, sence of lemma = 2,jye,,,jye,0
63,4,deep_sky_back,36,5,jye,jyā,,nom. du. f.,3,3, sence of lemma = 2,jye,,,jye,0
64,4,deep_sky_back,36,5,jye,jyā,,acc. du. f.,3,3, sence of lemma = 3,jye,,,jye,0
65,4,deep_sky_back,36,5,jye,jyā,,nom. du. f.,3,3, sence of lemma = 3,jye,,,jye,0
66,4,carmin_back,68,8,āram,ṛ,,aor. [2] ac. sg. 1,4,4,,Aram,,,Aram,0
67,4,deep_sky_back,82,9,vān,vāt,,nom. sg. m.,3,3,{ ppr. [2] ac. }[vā_2],vAn,,,vAn,0
68,5,light_blue_back,5,2,parā,para,,nom. sg. f.,4,4,,parA,"71, 72, 74, 75, 79, ","ākramam(Akramam), ākramam(Akramam), akramam(akramam), akramam(akramam), a(a), ",parA,0
69,5,carmin_back,35,5,ājye,añj,ā,impft. ps. sg. 1,4,4,,Ajye,,,Ajye,0
70,5,lawngreen_back,82,9,vān,vāt,,voc. sg. m.,3,3,{ ppr. [2] ac. }[vā_2],vAn,,,vAn,0
71,6,carmin_back,8,2,ākramam,kram,ā,aor. [1] ac. sg. 1,7,7,,Akramam,,,Akramam,0
72,6,carmin_back,8,2,ākramam,kram,ā,impft. [1] ac. sg. 1,7,7,,Akramam,,,Akramam,0
73,6,carmin_back,35,5,ājye,añj,ā,pr. ps. sg. 1,4,4,,Ajye,,,Ajye,0
74,7,carmin_back,8,2,akramam,kram,,aor. [1] ac. sg. 1,7,7,,akramam,,,akramam,0
75,7,carmin_back,8,2,akramam,kram,,impft. [1] ac. sg. 1,7,7,,akramam,,,akramam,0
76,7,deep_sky_back,35,5,ājye,ājya,,acc. du. n.,4,4,,Ajye,,,Ajye,0
77,7,deep_sky_back,35,5,ājye,ājya,,nom. du. n.,4,4,,Ajye,,,Ajye,0
78,7,deep_sky_back,35,5,ājye,ājya,,loc. sg. n.,4,4,,Ajye,,,Ajye,0
79,8,yellow_back,8,2,a,a,,iic.,1,1,,a,,,a,0
80,8,carmin_back,35,5,ajye,aj,,pr. ps. sg. 1,4,4,,ajye,,,ajye,0
81,8,carmin_back,35,5,ajye,añj,,pr. ps. sg. 1,4,4,,ajye,,,ajye,0
82,9,carmin_back,35,5,ājye,aj,,impft. ps. sg. 1,4,4,,Ajye,,,Ajye,0
83,9,carmin_back,35,5,ājye,añj,,impft. ps. sg. 1,4,4,,Ajye,,,Ajye,0
84,10,lawngreen_back,35,5,ājye,ājya,,voc. du. n.,4,4,,Ajye,,,Ajye,0
85,11,deep_sky_back,35,5,ajye,ajya,,acc. du. f.,4,4,{ pfp. [1] }[aj],ajye,,,ajye,0
86,11,deep_sky_back,35,5,ajye,ajya,,nom. du. f.,4,4,{ pfp. [1] }[aj],ajye,,,ajye,0
87,11,deep_sky_back,35,5,ajye,ajya,,acc. du. n.,4,4,{ pfp. [1] }[aj],ajye,,,ajye,0
88,11,deep_sky_back,35,5,ajye,ajya,,nom. du. n.,4,4,{ pfp. [1] }[aj],ajye,,,ajye,0
89,11,deep_sky_back,35,5,ajye,ajya,,loc. sg. n.,4,4,{ pfp. [1] }[aj],ajye,,,ajye,0
90,11,deep_sky_back,35,5,ajye,ajya,,loc. sg. m.,4,4,{ pfp. [1] }[aj],ajye,,,ajye,0
91,12,lawngreen_back,35,5,ajye,ajya,,voc. du. f.,4,4,{ pfp. [1] }[aj],ajye,,,ajye,0
92,12,lawngreen_back,35,5,ajye,ajya,,voc. sg. f.,4,4,{ pfp. [1] }[aj],ajye,,,ajye,0
93,12,lawngreen_back,35,5,ajye,ajya,,voc. du. n.,4,4,{ pfp. [1] }[aj],ajye,,,ajye,0
94,13,yellow_back,35,5,a,a,,iic.,1,1,,a,,,a,0
95,13,lawngreen_back,36,5,jye,jyā,,voc. du. f.,3,3, sence of lemma = 2,jye,,,jye,0
96,13,lawngreen_back,36,5,jye,jyā,,voc. sg. f.,3,3, sence of lemma = 2,jye,,,jye,0
97,13,lawngreen_back,36,5,jye,jyā,,voc. du. f.,3,3, sence of lemma = 3,jye,,,jye,0
98,13,lawngreen_back,36,5,jye,jyā,,voc. sg. f.,3,3, sence of lemma = 3,jye,,,jye,0
