id,level,color_class,position,chunk_no,word,lemma,pre_verb,morph,colspan,wordlenth,aux_inf,word_slp1,sandhi_indexs,sandhi_words,word_wx,wordorder
0,1,deep_sky_back,0,1,vasiṣṭhasya,vasiṣṭha,,g. sg. m.,10,11,,vasizWasya,,,vasiRTasya,1
1,1,deep_sky_back,0,1,vasiṣṭhasya,vasiṣṭha,,g. sg. n.,10,11,,vasizWasya,,,vasiRTasya,1
2,1,deep_sky_back,11,2,vacāṃsi,vacas,,acc. pl. n.,7,7,,vacAMsi,,,vacAMsi,2
3,1,deep_sky_back,11,2,vacāṃsi,vacas,,nom. pl. n.,7,7,,vacAMsi,,,vacAMsi,2
4,1,mauve_back,19,3,śrutvā,śru,,abs.,6,6,,SrutvA,,,SruwvA,3
8,1,mauve_back,39,4,saha,saha,,adv.,4,4, sence of lemma = 2,saha,,,saha,5
9,1,mauve_back,39,4,saha,saha,,prep.,4,4, sence of lemma = 2,saha,,,saha,5
10,1,deep_sky_back,44,5,rāmasya,rāma,,g. sg. m.,7,7,,rAmasya,,,rAmasya,6
11,1,deep_sky_back,44,5,rāmasya,rāma,,g. sg. n.,7,7,,rAmasya,,,rAmasya,6
12,1,deep_sky_back,52,6,gamanam,gamana,,acc. sg. n.,7,7,,gamanam,,,gamanam,7
13,1,deep_sky_back,52,6,gamanam,gamana,,nom. sg. n.,7,7,,gamanam,,,gamanam,7
14,1,deep_sky_back,52,6,gamanam,gamana,,acc. sg. m.,7,7,,gamanam,,,gamanam,7
17,1,carmin_back,70,8,anvamanyata,man,anu,impft. ps. sg. 3,11,11,,anvamanyata,,,anvamanyawa,9
18,2,lawngreen_back,11,2,vacāṃsi,vacas,,voc. pl. n.,7,7,,vacAMsi,,,vacAMsi,2
22,2,carmin_back,39,4,saha,sah,,imp. [1] ac. sg. 2,4,4, sence of lemma = 1,saha,,,saha,5
40,1,compound,26,3,viśvāmitreṇa,"viśva,mitra",,i. sg. n.,12,12,,viSvAmitreRa,,,viSvAmiwreNa,4
41,1,compound,26,3,viśvāmitreṇa,"viśva,mitra",,i. sg. m.,12,12,,viSvAmitreRa,,,viSvAmiwreNa,4
42,1,compound,26,3,viśvāmitreṇa,"viśva,āmitra",,i. sg. m.,12,12,,viSvAmitreRa,,,viSvAmiwreNa,4
43,1,compound,26,3,viśvāmitreṇa,"viśva,āmitra",,i. sg. n.,12,12,,viSvAmitreRa,,,viSvAmiwreNa,4
44,1,compound,26,3,viśvāmitreṇa,"viśva,a,mitra",,i. sg. n.,12,12,,viSvAmitreRa,,,viSvAmiwreNa,4
45,1,compound,26,3,viśvāmitreṇa,"viśva,a,mitra",,i. sg. m.,12,12,,viSvAmitreRa,,,viSvAmiwreNa,4
46,1,compound,26,3,viśvāmitreṇa,"viśvā,mitra",,i. sg. n.,12,12,,viSvAmitreRa,,,viSvAmiwreNa,4
47,1,compound,26,3,viśvāmitreṇa,"viśvā,mitra",,i. sg. m.,12,12,,viSvAmitreRa,,,viSvAmiwreNa,4
48,1,compound,26,3,viśvāmitreṇa,"viśvā,āmitra",,i. sg. m.,12,12,,viSvAmitreRa,,,viSvAmiwreNa,4
49,1,compound,26,3,viśvāmitreṇa,"viśvā,āmitra",,i. sg. n.,12,12,,viSvAmitreRa,,,viSvAmiwreNa,4
50,1,compound,26,3,viśvāmitreṇa,"viśvā,a,mitra",,i. sg. n.,12,12,,viSvAmitreRa,,,viSvAmiwreNa,4
51,1,compound,26,3,viśvāmitreṇa,"viśvā,a,mitra",,i. sg. m.,12,12,,viSvAmitreRa,,,viSvAmiwreNa,4
52,1,compound,26,3,viśvāmitreṇa,"viś,vāmin,tra",,i. sg. m.,12,12,,viSvAmitreRa,,,viSvAmiwreNa,4
53,1,compound,26,3,viśvāmitreṇa,"viś,vāmin,tra",,i. sg. n.,12,12,,viSvAmitreRa,,,viSvAmiwreNa,4
54,1,compound,60,7,daśarathaḥ,"daśan,ratha",,nom. sg. m.,9,10,,daSaraTaH,,,xaSaraWaH,8
