aux_inf,chunk_no,color_class,colspan,combinationword,endposition,id,lemma,level,morph,position,pre_verb,sandhi_indexs,sandhi_words,word,word_slp1,word_wx,wordlenth,wordorder
,3,yellow_back,5,viSvAmiwreNa,5.0,5,viśva,1,iic.,26,,"37, 38, 39, ","āmitreṇa(AmitreRa), āmitreṇa(AmitreRa), a(a), ",viśva,viSva,viSva,5,4
,3,deep_sky_back,7,viSvAmiwreNa,12.0,6,mitra,1,i. sg. n.,31,,,,mitreṇa,mitreRa,miwreNa,7,4
,3,deep_sky_back,7,viSvAmiwreNa,12.0,7,mitra,1,i. sg. m.,31,,,,mitreṇa,mitreRa,miwreNa,7,4
,3,yellow_back,5,viSvAmiwreNa,5.0,19,viśvā,2,iic.,26,,"37, 38, 39, ","āmitreṇa(AmitreRa), āmitreṇa(AmitreRa), a(a), ",viśvā,viSvA,viSvA,5,4
,3,cyan_back,5,viSvAmiwreNa,12.0,20,tra,2,i. sg. m.,33,,,,treṇa,treRa,wreNa,5,4
,3,cyan_back,5,viSvAmiwreNa,12.0,21,tra,2,i. sg. n.,33,,,,treṇa,treRa,wreNa,5,4
,3,light_blue_back,5,viSvAmiwreNa,5.0,28,viśva,3,nom. sg. f.,26,,"37, 38, 39, ","āmitreṇa(AmitreRa), āmitreṇa(AmitreRa), a(a), ",viśvā,viSvA,viSvA,5,4
 sence of lemma = 2,3,yellow_back,3,viSvAmiwreNa,3.0,35,viś,4,iic.,26,,,,viś,viS,viS,3,4
,3,yellow_back,4,viSvAmiwreNa,7.0,36,vāmin,4,iic.,29,,,,vāmi,vAmi,vAmi,4,4
,3,deep_sky_back,8,viSvAmiwreNa,12.0,37,āmitra,5,i. sg. m.,30,,,,āmitreṇa,AmitreRa,AmiwreNa,8,4
,3,deep_sky_back,8,viSvAmiwreNa,12.0,38,āmitra,5,i. sg. n.,30,,,,āmitreṇa,AmitreRa,AmiwreNa,8,4
,3,yellow_back,1,viSvAmiwreNa,5.0,39,a,6,iic.,30,,,,a,a,a,1,4
,7,yellow_back,4,xaSaraWaH,4.0,15,daśan,1,iic.,60,,,,daśa,daSa,xaSa,4,8
,7,deep_sky_back,5,xaSaraWaH,9.0,16,ratha,1,nom. sg. m.,64,,,,rathaḥ,raTaH,raWaH,6,8
,7,deep_sky_back,4,xaSaraWaH,4.0,23,daśan,2,acc. pl. *,60,,,,daśa,daSa,xaSa,4,8
,7,deep_sky_back,4,xaSaraWaH,4.0,24,daśan,2,nom. pl. *,60,,,,daśa,daSa,xaSa,4,8
,7,carmin_back,4,xaSaraWaH,4.0,31,daṃś,3,imp. [1] ac. sg. 2,60,,,,daśa,daSa,xaSa,4,8
