id,level,color_class,position,chunk_no,word,lemma,pre_verb,morph,colspan,wordlenth,aux_inf,word_slp1,sandhi_indexs,sandhi_words,word_wx,wordorder
0,1,mauve_back,0,1,kintu,kintu,,adv.,5,5,,kintu,,,kinwu,1
10,1,mauve_back,61,4,iva,iva,,part.,3,3,,iva,,,iva,4
11,1,light_blue_back,65,5,tava,yuṣmad,,g. sg. *,4,4,,tava,,,wava,5
14,1,light_blue_back,86,7,mama,asmad,,g. sg. *,4,4,,mama,,,mama,7
15,1,deep_sky_back,91,8,hṛdayam,hṛdaya,,acc. sg. n.,7,7,,hfdayam,,,hqxayam,8
16,1,deep_sky_back,91,8,hṛdayam,hṛdaya,,nom. sg. n.,7,7,,hfdayam,,,hqxayam,8
33,2,carmin_back,86,7,mama,mā,,pft. ac. pl. 2,4,4, sence of lemma = 1,mama,,,mama,7
34,2,carmin_back,86,7,mama,mā,,pft. ac. pl. 2,4,4, sence of lemma = 4,mama,,,mama,7
69,1,compound,6,2,prabhātasūryakiraṇacumbanena,"bhāta,sūrya,kiraṇa,cumbana",,i. sg. n.,27,28,,praBAtasUryakiraRacumbanena,,,praBAwasUryakiraNacumbanena,2
70,1,compound,6,2,prabhātasūryakiraṇacumbanena,"bhāta,sūrya,kiraṇa,cumbana",,i. sg. m.,27,28,,praBAtasUryakiraRacumbanena,,,praBAwasUryakiraNacumbanena,2
71,1,compound,6,2,prabhātasūryakiraṇacumbanena,"bhāta,sūrya,kiraṇa,cumbana,na",,part.,27,28,,praBAtasUryakiraRacumbanena,,,praBAwasUryakiraNacumbanena,2
72,1,compound,6,2,prabhātasūryakiraṇacumbanena,"bhāta,sūrya,kiraṇa,cumbana,ina",,voc. sg. m.,27,28,,praBAtasUryakiraRacumbanena,,,praBAwasUryakiraNacumbanena,2
73,1,compound,6,2,prabhātasūryakiraṇacumbanena,"bhāta,sūrya,kiraṇa,cumbana,ina",,voc. sg. n.,27,28,,praBAtasUryakiraRacumbanena,,,praBAwasUryakiraNacumbanena,2
74,1,compound,6,2,prabhātasūryakiraṇacumbanena,"bhāta,sūri,a,kiraṇa,cumbana",,i. sg. n.,27,28,,praBAtasUryakiraRacumbanena,,,praBAwasUryakiraNacumbanena,2
75,1,compound,6,2,prabhātasūryakiraṇacumbanena,"bhāta,sūri,a,kiraṇa,cumbana",,i. sg. m.,27,28,,praBAtasUryakiraRacumbanena,,,praBAwasUryakiraNacumbanena,2
76,1,compound,6,2,prabhātasūryakiraṇacumbanena,"bhāta,sūri,a,kiraṇa,cumbana,na",,part.,27,28,,praBAtasUryakiraRacumbanena,,,praBAwasUryakiraNacumbanena,2
77,1,compound,6,2,prabhātasūryakiraṇacumbanena,"bhāta,sūri,a,kiraṇa,cumbana,ina",,voc. sg. m.,27,28,,praBAtasUryakiraRacumbanena,,,praBAwasUryakiraNacumbanena,2
78,1,compound,6,2,prabhātasūryakiraṇacumbanena,"bhāta,sūri,a,kiraṇa,cumbana,ina",,voc. sg. n.,27,28,,praBAtasUryakiraRacumbanena,,,praBAwasUryakiraNacumbanena,2
79,1,compound,34,3,parvataśikharagatahimarāśiḥ,"parvata,śikhara,gata,hima,rāśi",,nom. sg. m.,26,27,,parvataSiKaragatahimarASiH,,,parvawaSiKaragawahimarASiH,3
80,1,compound,34,3,parvataśikharagatahimarāśiḥ,"parvata,śikhara,gata,hima,rāśi",,nom. sg. f.,26,27,,parvataSiKaragatahimarASiH,,,parvawaSiKaragawahimarASiH,3
81,1,compound,34,3,parvataśikharagatahimarāśiḥ,"parvata,śī,khara,gata,hima,rāśi",,nom. sg. m.,26,27,,parvataSiKaragatahimarASiH,,,parvawaSiKaragawahimarASiH,3
82,1,compound,34,3,parvataśikharagatahimarāśiḥ,"parvata,śī,khara,gata,hima,rāśi",,nom. sg. f.,26,27,,parvataSiKaragatahimarASiH,,,parvawaSiKaragawahimarASiH,3
83,1,compound,70,6,netrasamparkeṇa,"netra,samparka",,i. sg. m.,15,15,,netrasamparkeRa,,,newrasamparkeNa,6
84,1,compound,70,6,netrasamparkeṇa,"netra,samparka",,i. sg. n.,15,15,,netrasamparkeRa,,,newrasamparkeNa,6
85,1,compound,70,6,netrasamparkeṇa,"netṛ,a,samparka",,i. sg. m.,15,15,,netrasamparkeRa,,,newrasamparkeNa,6
86,1,compound,70,6,netrasamparkeṇa,"netṛ,a,samparka",,i. sg. n.,15,15,,netrasamparkeRa,,,newrasamparkeNa,6
87,1,compound,99,9,dravībhavati,"drava,bhū",,pr. [1] ac. sg. 3,11,12, sence of lemma = 1,dravIBavati,,,xravIBavawi,9
88,1,compound,99,9,dravībhavati,"drava,bhavat",,loc. sg. n.,11,12,{ ppr. [1] ac. }[bhū_1] sence of lemma = 1,dravIBavati,,,xravIBavawi,9
89,1,compound,99,9,dravībhavati,"drava,bhavat",,loc. sg. m.,11,12,{ ppr. [1] ac. }[bhū_1] sence of lemma = 1,dravIBavati,,,xravIBavawi,9
