aux_inf,chunk_no,color_class,colspan,combinationword,endposition,id,lemma,level,morph,position,pre_verb,sandhi_indexs,sandhi_words,word,word_slp1,word_wx,wordlenth,wordorder
 sence of lemma = 1,2,carmin_back,7,praBAwasUryakiraNacumbanena,7.0,1,bhā,1,imp. [2] ac. pl. 2,6,pra,,,prabhāta,praBAta,praBAwa,8,2
,2,yellow_back,5,praBAwasUryakiraNacumbanena,12.0,2,sūrya,1,iic.,13,,,,sūrya,sUrya,sUrya,5,2
,2,yellow_back,6,praBAwasUryakiraNacumbanena,18.0,3,kiraṇa,1,iic.,18,,,,kiraṇa,kiraRa,kiraNa,6,2
,2,deep_sky_back,9,praBAwasUryakiraNacumbanena,27.0,4,cumbana,1,i. sg. n.,24,,,,cumbanena,cumbanena,cumbanena,9,2
{ pp. }[pra-bhā_1],2,yellow_back,7,praBAwasUryakiraNacumbanena,7.0,22,bhāta,2,iic.,6,pra,,,prabhāta,praBAta,praBAwa,8,2
,2,yellow_back,4,praBAwasUryakiraNacumbanena,11.0,23,sūri,2,iic.,13,,,,sūri,sUri,sUri,4,2
,2,yellow_back,1,praBAwasUryakiraNacumbanena,12.0,24,a,2,iic.,17,,,,a,a,a,1,2
,2,cyan_back,9,praBAwasUryakiraNacumbanena,27.0,25,cumbana,2,i. sg. m.,24,,,,cumbanena,cumbanena,cumbanena,9,2
 sence of lemma = 2,2,deep_sky_back,5,praBAwasUryakiraNacumbanena,5.0,42,prabhā,3,nom. sg. f.,6,,"50, 56, 57, 58, ","ata(ata), āta(Ata), āta(Ata), āta(Ata), ",prabhā,praBA,praBA,6,2
,2,deep_sky_back,4,praBAwasUryakiraNacumbanena,11.0,43,sūri,3,acc. du. m.,13,,,,sūrī,sUrI,sUrI,4,2
,2,deep_sky_back,4,praBAwasUryakiraNacumbanena,11.0,44,sūri,3,nom. du. m.,13,,,,sūrī,sUrI,sUrI,4,2
,2,yellow_back,7,praBAwasUryakiraNacumbanena,25.0,45,cumbana,3,iic.,24,,"67, 68, ","ina(ina), ina(ina), ",cumbana,cumbana,cumbana,7,2
,2,mauve_back,2,praBAwasUryakiraNacumbanena,27.0,46,na,3,part.,31,,,,na,na,na,2,2
,2,carmin_back,3,praBAwasUryakiraNacumbanena,7.0,50,at,4,imp. [1] ac. sg. 2,10,,,,ata,ata,awa,3,2
,2,cyan_back,4,praBAwasUryakiraNacumbanena,11.0,51,sūri,4,acc. sg. n.,13,,,,sūri,sUri,sUri,4,2
,2,cyan_back,4,praBAwasUryakiraNacumbanena,11.0,52,sūri,4,nom. sg. n.,13,,,,sūri,sUri,sUri,4,2
,2,deep_sky_back,7,praBAwasUryakiraNacumbanena,25.0,53,cumbana,4,acc. du. n.,24,,,,cumbane,cumbane,cumbane,7,2
,2,deep_sky_back,7,praBAwasUryakiraNacumbanena,25.0,54,cumbana,4,nom. du. n.,24,,,,cumbane,cumbane,cumbane,7,2
,2,deep_sky_back,7,praBAwasUryakiraNacumbanena,25.0,55,cumbana,4,loc. sg. n.,24,,,,cumbane,cumbane,cumbane,7,2
,2,carmin_back,3,praBAwasUryakiraNacumbanena,7.0,56,at,5,pft. ac. pl. 2,10,,,,āta,Ata,Awa,3,2
,2,carmin_back,3,praBAwasUryakiraNacumbanena,7.0,57,at,5,pft. ac. sg. 3,10,,,,āta,Ata,Awa,3,2
,2,carmin_back,3,praBAwasUryakiraNacumbanena,7.0,58,at,5,pft. ac. sg. 1,10,,,,āta,Ata,Awa,3,2
,2,cyan_back,4,praBAwasUryakiraNacumbanena,11.0,59,sūri,5,acc. du. f.,13,,,,sūrī,sUrI,sUrI,4,2
,2,cyan_back,4,praBAwasUryakiraNacumbanena,11.0,60,sūri,5,nom. du. f.,13,,,,sūrī,sUrI,sUrI,4,2
,2,cyan_back,7,praBAwasUryakiraNacumbanena,25.0,61,cumbana,5,nom. sg. f.,24,,"67, 68, ","ina(ina), ina(ina), ",cumbanā,cumbanA,cumbanA,7,2
 sence of lemma = 2,2,yellow_back,2,praBAwasUryakiraNacumbanena,9.0,62,sū,6,iic.,13,,,,sū,sU,sU,2,2
 sence of lemma = 2,2,cyan_back,2,praBAwasUryakiraNacumbanena,11.0,63,rā,6,loc. sg. m.,15,,,,ri,ri,ri,2,2
,2,cyan_back,7,praBAwasUryakiraNacumbanena,25.0,64,cumbana,6,acc. du. f.,24,,,,cumbane,cumbane,cumbane,7,2
,2,cyan_back,7,praBAwasUryakiraNacumbanena,25.0,65,cumbana,6,nom. du. f.,24,,,,cumbane,cumbane,cumbane,7,2
,2,cyan_back,7,praBAwasUryakiraNacumbanena,25.0,66,cumbana,6,loc. sg. m.,24,,,,cumbane,cumbane,cumbane,7,2
,2,lawngreen_back,3,praBAwasUryakiraNacumbanena,27.0,67,ina,7,voc. sg. m.,30,,,,ina,ina,ina,3,2
,2,lawngreen_back,3,praBAwasUryakiraNacumbanena,27.0,68,ina,7,voc. sg. n.,30,,,,ina,ina,ina,3,2
,3,yellow_back,7,parvawaSiKaragawahimarASiH,7.0,5,parvata,1,iic.,34,,,,parvata,parvata,parvawa,7,3
,3,yellow_back,6,parvawaSiKaragawahimarASiH,13.0,6,śikhara,1,iic.,41,,,,śikhara,SiKara,SiKara,7,3
{ pp. }[gam],3,yellow_back,4,parvawaSiKaragawahimarASiH,17.0,7,gata,1,iic.,47,,,,gata,gata,gawa,4,3
,3,yellow_back,4,parvawaSiKaragawahimarASiH,21.0,8,hima,1,iic.,51,,,,hima,hima,hima,4,3
,3,deep_sky_back,5,parvawaSiKaragawahimarASiH,26.0,9,rāśi,1,nom. sg. m.,55,,,,rāśiḥ,rASiH,rASiH,5,3
 sence of lemma = 2,3,cyan_back,2,parvawaSiKaragawahimarASiH,9.0,26,śī,2,acc. sg. n.,41,,,,śi,Si,Si,2,3
 sence of lemma = 2,3,cyan_back,2,parvawaSiKaragawahimarASiH,9.0,27,śī,2,nom. sg. n.,41,,,,śi,Si,Si,2,3
,3,yellow_back,4,parvawaSiKaragawahimarASiH,13.0,28,khara,2,iic.,43,,,,khara,Kara,Kara,5,3
,3,cyan_back,5,parvawaSiKaragawahimarASiH,26.0,29,rāśi,2,nom. sg. f.,55,,,,rāśiḥ,rASiH,rASiH,5,3
 sence of lemma = 2,3,yellow_back,2,parvawaSiKaragawahimarASiH,9.0,47,śī,3,iic.,41,,,,śi,Si,Si,2,3
,6,yellow_back,5,newrasamparkeNa,5.0,12,netra,1,iic.,70,,,,netra,netra,newra,5,6
,6,deep_sky_back,10,newrasamparkeNa,15.0,13,samparka,1,i. sg. m.,75,,,,samparkeṇa,samparkeRa,samparkeNa,10,6
,6,yellow_back,4,newrasamparkeNa,4.0,30,netṛ,2,iic.,70,,,,netṛ,netf,newq,4,6
,6,yellow_back,1,newrasamparkeNa,5.0,31,a,2,iic.,74,,,,a,a,a,1,6
,6,cyan_back,10,newrasamparkeNa,15.0,32,samparka,2,i. sg. n.,75,,,,samparkeṇa,samparkeRa,samparkeNa,10,6
,6,deep_sky_back,4,newrasamparkeNa,4.0,48,netṛ,3,acc. sg. n.,70,,,,netṛ,netf,newq,4,6
,6,deep_sky_back,4,newrasamparkeNa,4.0,49,netṛ,3,nom. sg. n.,70,,,,netṛ,netf,newq,4,6
,9,orange_back,5,xravIBavawi,5.0,17,drava,1,iiv.,99,,,,dravī,dravI,xravI,5,9
 sence of lemma = 1,9,carmin_back,6,xravIBavawi,11.0,18,bhū,1,pr. [1] ac. sg. 3,104,,,,bhavati,Bavati,Bavawi,7,9
,9,orange_back,5,xravIBavawi,5.0,39,drava,2,iiv.,99,,,,dravī,dravI,xravI,5,9
{ ppr. [1] ac. }[bhū_1] sence of lemma = 1,9,deep_sky_back,6,xravIBavawi,11.0,40,bhavat,2,loc. sg. n.,104,,,,bhavati,Bavati,Bavawi,7,9
{ ppr. [1] ac. }[bhū_1] sence of lemma = 1,9,deep_sky_back,6,xravIBavawi,11.0,41,bhavat,2,loc. sg. m.,104,,,,bhavati,Bavati,Bavawi,7,9
