id,level,color_class,position,chunk_no,word,lemma,pre_verb,morph,colspan,wordlenth,aux_inf,word_slp1,sandhi_indexs,sandhi_words,word_wx,wordorder
0,1,deep_sky_back,0,1,rāmaḥ,rāma,,nom. sg. m.,5,5,,rAmaH,,,rAmaH,1
1,1,deep_sky_back,6,2,arghyeṇa,arghya,,i. sg. n.,7,8,{ pfp. [1] }[arh],arGyeRa,,,arGyeNa,2
2,1,deep_sky_back,6,2,arghyeṇa,arghya,,i. sg. m.,7,8,{ pfp. [1] }[arh],arGyeRa,,,arGyeNa,2
3,1,deep_sky_back,18,4,ṛṣim,ṛṣi,,acc. sg. m.,4,4,,fzim,,,qRim,3
4,1,carmin_back,23,5,pūjayati,pūj,,pr. [10] ac. sg. 3,8,8,,pUjayati,,,pUjayawi,4
5,2,carmin_back,0,1,rāmaḥ,rā,,pr. [2] ac. pl. 1,5,5, sence of lemma = 1,rAmaH,,,rAmaH,1
6,2,deep_sky_back,23,5,pūjayati,pūjayat,,loc. sg. n.,8,8,{ ppr. [10] ac. }[pūj],pUjayati,,,pUjayawi,4
7,2,deep_sky_back,23,5,pūjayati,pūjayat,,loc. sg. m.,8,8,{ ppr. [10] ac. }[pūj],pUjayati,,,pUjayawi,4
