id,level,color_class,position,chunk_no,word,lemma,pre_verb,morph,colspan,wordlenth,aux_inf,word_slp1,sandhi_indexs,sandhi_words,word_wx,wordorder
0,1,deep_sky_back,0,1,kavayaḥ,kavi,,nom. pl. m.,7,7,,kavayaH,,,kavayaH,1
1,1,deep_sky_back,8,2,lokeṣu,loka,,loc. pl. m.,6,6,,lokezu,,,lokeRu,2
2,1,deep_sky_back,15,3,vīrāṇām,vīra,,g. pl. m.,7,7,,vIrARAm,,,vIrANAm,3
3,1,deep_sky_back,23,4,parākramān,parākrama,,acc. pl. m.,10,10,,parAkramAn,,,parAkramAn,4
4,1,carmin_back,34,5,prathayanti,prath,,ca. pr. ac. pl. 3,10,11,,praTayanti,,,praWayanwi,5
5,2,lawngreen_back,0,1,kavayaḥ,kavi,,voc. pl. m.,7,7,,kavayaH,,,kavayaH,1
9,2,deep_sky_back,34,5,prathayanti,prathayat,,acc. pl. n.,10,11,{ ca. ppr. ac. }[prath],praTayanti,,,praWayanwi,5
10,2,deep_sky_back,34,5,prathayanti,prathayat,,nom. pl. n.,10,11,{ ca. ppr. ac. }[prath],praTayanti,,,praWayanwi,5
14,3,lawngreen_back,34,5,prathayanti,prathayat,,voc. sg. f.,10,11,{ ca. ppr. ac. }[prath],praTayanti,,,praWayanwi,5
15,3,lawngreen_back,34,5,prathayanti,prathayat,,voc. pl. n.,10,11,{ ca. ppr. ac. }[prath],praTayanti,,,praWayanwi,5
