id,level,color_class,position,chunk_no,word,lemma,pre_verb,morph,colspan,wordlenth,aux_inf,word_slp1,sandhi_indexs,sandhi_words,word_wx,wordorder
0,1,deep_sky_back,0,1,rāmasya,rāma,,g. sg. m.,7,7,,rAmasya,,,rAmasya,1
1,1,deep_sky_back,0,1,rāmasya,rāma,,g. sg. n.,7,7,,rAmasya,,,rAmasya,1
2,1,deep_sky_back,8,2,sārathiḥ,sārathi,,nom. sg. m.,7,8,,sAraTiH,,,sAraWiH,2
3,1,deep_sky_back,16,3,sumantraḥ,sumantra,,nom. sg. m.,9,9,,sumantraH,,,sumanwraH,3
4,1,deep_sky_back,26,4,vanam,vana,,acc. sg. n.,5,5,,vanam,,,vanam,4
5,1,deep_sky_back,26,4,vanam,vana,,nom. sg. n.,5,5,,vanam,,,vanam,4
6,1,deep_sky_back,32,5,ratham,ratha,,acc. sg. m.,5,6,,raTam,,,raWam,5
7,1,carmin_back,38,6,nayati,nī,,pr. [1] ac. sg. 3,6,6, sence of lemma = 1,nayati,,,nayawi,6
8,2,deep_sky_back,38,6,nayati,nayat,,loc. sg. n.,6,6,{ ppr. [1] ac. }[nī_1],nayati,,,nayawi,6
9,2,deep_sky_back,38,6,nayati,nayat,,loc. sg. m.,6,6,{ ppr. [1] ac. }[nī_1],nayati,,,nayawi,6
